14:25:55 **** Incremental Build of configuration Debug for project Test ****
make -j20 all 
arm-none-eabi-size  Test.elf 
   text	   data	    bss	    dec	    hex	filename
   4664	     12	   1572	   6248	   1868	Test.elf
Finished building: default.size.stdout
 
14:26:07 **** Incremental Build of configuration Debug for project CAN_Watchdog ****
make -j20 all 
arm-none-eabi-gcc "../Core/Src/main.c" -mcpu=cortex-m4 -std=gnu11 -g3 -DDEBUG -DUSE_NUCLEO_64 -DUSE_HAL_DRIVER -DSTM32G491xx -c -I../Core/Inc -IC:/Users/justn/STM32Cube/Repository/STM32Cube_FW_G4_V1.6.1/Drivers/STM32G4xx_HAL_Driver/Inc -IC:/Users/justn/STM32Cube/Repository/STM32Cube_FW_G4_V1.6.1/Drivers/STM32G4xx_HAL_Driver/Inc/Legacy -IC:/Users/justn/STM32Cube/Repository/STM32Cube_FW_G4_V1.6.1/Drivers/BSP/STM32G4xx_Nucleo -IC:/Users/justn/STM32Cube/Repository/STM32Cube_FW_G4_V1.6.1/Drivers/CMSIS/Device/ST/STM32G4xx/Include -IC:/Users/justn/STM32Cube/Repository/STM32Cube_FW_G4_V1.6.1/Drivers/CMSIS/Include -I../USB_Device/App -I../USB_Device/Target -IC:/Users/justn/STM32Cube/Repository/STM32Cube_FW_G4_V1.6.1/Middlewares/ST/STM32_USB_Device_Library/Core/Inc -IC:/Users/justn/STM32Cube/Repository/STM32Cube_FW_G4_V1.6.1/Middlewares/ST/STM32_USB_Device_Library/Class/CDC/Inc -O0 -ffunction-sections -fdata-sections -Wall -fstack-usage -fcyclomatic-complexity -MMD -MP -MF"Core/Src/main.d" -MT"Core/Src/main.o" --specs=nano.specs -mfpu=fpv4-sp-d16 -mfloat-abi=hard -mthumb -o "Core/Src/main.o"
arm-none-eabi-gcc -o "CAN_Watchdog.elf" @"objects.list"   -mcpu=cortex-m4 -T"C:\Users\justn\Desktop\Classes\Senior Fall\EC463\EC463_Nascimento_Justin\CAN_Watchdog\CAN_Watchdog\STM32G491RETX_FLASH.ld" --specs=nosys.specs -Wl,-Map="CAN_Watchdog.map" -Wl,--gc-sections -static --specs=nano.specs -mfpu=fpv4-sp-d16 -mfloat-abi=hard -mthumb -Wl,--start-group -lc -lm -Wl,--end-group
Finished building target: CAN_Watchdog.elf
 
arm-none-eabi-size  CAN_Watchdog.elf 
arm-none-eabi-objdump -h -S CAN_Watchdog.elf  > "CAN_Watchdog.list"
   text	   data	    bss	    dec	    hex	filename
  35020	    480	   8624	  44124	   ac5c	CAN_Watchdog.elf
Finished building: default.size.stdout
 
Finished building: CAN_Watchdog.list
 
14:26:30 **** Incremental Build of configuration Debug for project CAN_Watchdog ****
make -j20 all 
arm-none-eabi-size  CAN_Watchdog.elf 
   text	   data	    bss	    dec	    hex	filename
  35020	    480	   8624	  44124	   ac5c	CAN_Watchdog.elf
Finished building: default.size.stdout
 
14:26:31 **** Incremental Build of configuration Debug for project Test ****
make -j20 all 
arm-none-eabi-size  Test.elf 
   text	   data	    bss	    dec	    hex	filename
   4664	     12	   1572	   6248	   1868	Test.elf
Finished building: default.size.stdout
 
14:26:37 **** Incremental Build of configuration Debug for project Test ****
make -j20 all 
arm-none-eabi-size  Test.elf 
   text	   data	    bss	    dec	    hex	filename
   4664	     12	   1572	   6248	   1868	Test.elf
Finished building: default.size.stdout
 
14:28:16 **** Incremental Build of configuration Debug for project CAN_Watchdog ****
make -j20 all 
arm-none-eabi-size  CAN_Watchdog.elf 
   text	   data	    bss	    dec	    hex	filename
  35020	    480	   8624	  44124	   ac5c	CAN_Watchdog.elf
Finished building: default.size.stdout
 
14:28:17 **** Incremental Build of configuration Debug for project Test ****
make -j20 all 
arm-none-eabi-gcc "../Core/Src/main.c" -mcpu=cortex-m4 -std=gnu11 -g3 -DDEBUG -DUSE_HAL_DRIVER -DSTM32G491xx -c -I../Core/Inc -I../Drivers/STM32G4xx_HAL_Driver/Inc -I../Drivers/STM32G4xx_HAL_Driver/Inc/Legacy -I../Drivers/CMSIS/Device/ST/STM32G4xx/Include -I../Drivers/CMSIS/Include -O0 -ffunction-sections -fdata-sections -Wall -fstack-usage -fcyclomatic-complexity -MMD -MP -MF"Core/Src/main.d" -MT"Core/Src/main.o" --specs=nano.specs -mfpu=fpv4-sp-d16 -mfloat-abi=hard -mthumb -o "Core/Src/main.o"
arm-none-eabi-gcc -o "Test.elf" @"objects.list"   -mcpu=cortex-m4 -T"C:\Users\justn\Desktop\Classes\Senior Fall\EC463\EC463_Nascimento_Justin\CAN_Watchdog\Test\STM32G491RETX_FLASH.ld" --specs=nosys.specs -Wl,-Map="Test.map" -Wl,--gc-sections -static --specs=nano.specs -mfpu=fpv4-sp-d16 -mfloat-abi=hard -mthumb -Wl,--start-group -lc -lm -Wl,--end-group
Finished building target: Test.elf
 
arm-none-eabi-size  Test.elf 
arm-none-eabi-objdump -h -S Test.elf  > "Test.list"
   text	   data	    bss	    dec	    hex	filename
   5648	     12	   1572	   7232	   1c40	Test.elf
Finished building: default.size.stdout
 
Finished building: Test.list
 
14:28:22 **** Incremental Build of configuration Debug for project Test ****
make -j20 all 
arm-none-eabi-size  Test.elf 
   text	   data	    bss	    dec	    hex	filename
   5648	     12	   1572	   7232	   1c40	Test.elf
Finished building: default.size.stdout
 
14:28:51 **** Incremental Build of configuration Debug for project CAN_Watchdog ****
make -j20 all 
arm-none-eabi-size  CAN_Watchdog.elf 
   text	   data	    bss	    dec	    hex	filename
  35020	    480	   8624	  44124	   ac5c	CAN_Watchdog.elf
Finished building: default.size.stdout
 
14:28:52 **** Incremental Build of configuration Debug for project Test ****
make -j20 all 
arm-none-eabi-size  Test.elf 
   text	   data	    bss	    dec	    hex	filename
   5648	     12	   1572	   7232	   1c40	Test.elf
Finished building: default.size.stdout
 
14:29:01 **** Incremental Build of configuration Debug for project CAN_Watchdog ****
make -j20 all 
arm-none-eabi-size  CAN_Watchdog.elf 
   text	   data	    bss	    dec	    hex	filename
  35020	    480	   8624	  44124	   ac5c	CAN_Watchdog.elf
Finished building: default.size.stdout
 
14:31:06 **** Incremental Build of configuration Debug for project CAN_Watchdog ****
make -j20 all 
arm-none-eabi-gcc "../Core/Src/main.c" -mcpu=cortex-m4 -std=gnu11 -g3 -DDEBUG -DUSE_NUCLEO_64 -DUSE_HAL_DRIVER -DSTM32G491xx -c -I../Core/Inc -IC:/Users/justn/STM32Cube/Repository/STM32Cube_FW_G4_V1.6.1/Drivers/STM32G4xx_HAL_Driver/Inc -IC:/Users/justn/STM32Cube/Repository/STM32Cube_FW_G4_V1.6.1/Drivers/STM32G4xx_HAL_Driver/Inc/Legacy -IC:/Users/justn/STM32Cube/Repository/STM32Cube_FW_G4_V1.6.1/Drivers/BSP/STM32G4xx_Nucleo -IC:/Users/justn/STM32Cube/Repository/STM32Cube_FW_G4_V1.6.1/Drivers/CMSIS/Device/ST/STM32G4xx/Include -IC:/Users/justn/STM32Cube/Repository/STM32Cube_FW_G4_V1.6.1/Drivers/CMSIS/Include -I../USB_Device/App -I../USB_Device/Target -IC:/Users/justn/STM32Cube/Repository/STM32Cube_FW_G4_V1.6.1/Middlewares/ST/STM32_USB_Device_Library/Core/Inc -IC:/Users/justn/STM32Cube/Repository/STM32Cube_FW_G4_V1.6.1/Middlewares/ST/STM32_USB_Device_Library/Class/CDC/Inc -O0 -ffunction-sections -fdata-sections -Wall -fstack-usage -fcyclomatic-complexity -MMD -MP -MF"Core/Src/main.d" -MT"Core/Src/main.o" --specs=nano.specs -mfpu=fpv4-sp-d16 -mfloat-abi=hard -mthumb -o "Core/Src/main.o"
arm-none-eabi-gcc -o "CAN_Watchdog.elf" @"objects.list"   -mcpu=cortex-m4 -T"C:\Users\justn\Desktop\Classes\Senior Fall\EC463\EC463_Nascimento_Justin\CAN_Watchdog\CAN_Watchdog\STM32G491RETX_FLASH.ld" --specs=nosys.specs -Wl,-Map="CAN_Watchdog.map" -Wl,--gc-sections -static --specs=nano.specs -mfpu=fpv4-sp-d16 -mfloat-abi=hard -mthumb -Wl,--start-group -lc -lm -Wl,--end-group
Finished building target: CAN_Watchdog.elf
 
arm-none-eabi-size  CAN_Watchdog.elf 
arm-none-eabi-objdump -h -S CAN_Watchdog.elf  > "CAN_Watchdog.list"
   text	   data	    bss	    dec	    hex	filename
  35060	    480	   8624	  44164	   ac84	CAN_Watchdog.elf
Finished building: default.size.stdout
 
Finished building: CAN_Watchdog.list
 
14:31:08 **** Incremental Build of configuration Debug for project Test ****
make -j20 all 
arm-none-eabi-size  Test.elf 
   text	   data	    bss	    dec	    hex	filename
   5648	     12	   1572	   7232	   1c40	Test.elf
Finished building: default.size.stdout
 
14:31:16 **** Incremental Build of configuration Debug for project CAN_Watchdog ****
make -j20 all 
arm-none-eabi-size  CAN_Watchdog.elf 
   text	   data	    bss	    dec	    hex	filename
  35060	    480	   8624	  44164	   ac84	CAN_Watchdog.elf
Finished building: default.size.stdout
 
14:33:29 **** Incremental Build of configuration Debug for project CAN_Watchdog ****
make -j20 all 
arm-none-eabi-gcc "../Core/Src/main.c" -mcpu=cortex-m4 -std=gnu11 -g3 -DDEBUG -DUSE_NUCLEO_64 -DUSE_HAL_DRIVER -DSTM32G491xx -c -I../Core/Inc -IC:/Users/justn/STM32Cube/Repository/STM32Cube_FW_G4_V1.6.1/Drivers/STM32G4xx_HAL_Driver/Inc -IC:/Users/justn/STM32Cube/Repository/STM32Cube_FW_G4_V1.6.1/Drivers/STM32G4xx_HAL_Driver/Inc/Legacy -IC:/Users/justn/STM32Cube/Repository/STM32Cube_FW_G4_V1.6.1/Drivers/BSP/STM32G4xx_Nucleo -IC:/Users/justn/STM32Cube/Repository/STM32Cube_FW_G4_V1.6.1/Drivers/CMSIS/Device/ST/STM32G4xx/Include -IC:/Users/justn/STM32Cube/Repository/STM32Cube_FW_G4_V1.6.1/Drivers/CMSIS/Include -I../USB_Device/App -I../USB_Device/Target -IC:/Users/justn/STM32Cube/Repository/STM32Cube_FW_G4_V1.6.1/Middlewares/ST/STM32_USB_Device_Library/Core/Inc -IC:/Users/justn/STM32Cube/Repository/STM32Cube_FW_G4_V1.6.1/Middlewares/ST/STM32_USB_Device_Library/Class/CDC/Inc -O0 -ffunction-sections -fdata-sections -Wall -fstack-usage -fcyclomatic-complexity -MMD -MP -MF"Core/Src/main.d" -MT"Core/Src/main.o" --specs=nano.specs -mfpu=fpv4-sp-d16 -mfloat-abi=hard -mthumb -o "Core/Src/main.o"
arm-none-eabi-gcc -o "CAN_Watchdog.elf" @"objects.list"   -mcpu=cortex-m4 -T"C:\Users\justn\Desktop\Classes\Senior Fall\EC463\EC463_Nascimento_Justin\CAN_Watchdog\CAN_Watchdog\STM32G491RETX_FLASH.ld" --specs=nosys.specs -Wl,-Map="CAN_Watchdog.map" -Wl,--gc-sections -static --specs=nano.specs -mfpu=fpv4-sp-d16 -mfloat-abi=hard -mthumb -Wl,--start-group -lc -lm -Wl,--end-group
Finished building target: CAN_Watchdog.elf
 
arm-none-eabi-size  CAN_Watchdog.elf 
arm-none-eabi-objdump -h -S CAN_Watchdog.elf  > "CAN_Watchdog.list"
   text	   data	    bss	    dec	    hex	filename
  35060	    480	   8624	  44164	   ac84	CAN_Watchdog.elf
Finished building: default.size.stdout
 
Finished building: CAN_Watchdog.list
 
14:33:30 **** Incremental Build of configuration Debug for project Test ****
make -j20 all 
arm-none-eabi-size  Test.elf 
   text	   data	    bss	    dec	    hex	filename
   5648	     12	   1572	   7232	   1c40	Test.elf
Finished building: default.size.stdout
 
14:33:35 **** Incremental Build of configuration Debug for project CAN_Watchdog ****
make -j20 all 
arm-none-eabi-size  CAN_Watchdog.elf 
   text	   data	    bss	    dec	    hex	filename
  35060	    480	   8624	  44164	   ac84	CAN_Watchdog.elf
Finished building: default.size.stdout
 
14:34:15 **** Incremental Build of configuration Debug for project CAN_Watchdog ****
make -j20 all 
arm-none-eabi-gcc "../Core/Src/main.c" -mcpu=cortex-m4 -std=gnu11 -g3 -DDEBUG -DUSE_NUCLEO_64 -DUSE_HAL_DRIVER -DSTM32G491xx -c -I../Core/Inc -IC:/Users/justn/STM32Cube/Repository/STM32Cube_FW_G4_V1.6.1/Drivers/STM32G4xx_HAL_Driver/Inc -IC:/Users/justn/STM32Cube/Repository/STM32Cube_FW_G4_V1.6.1/Drivers/STM32G4xx_HAL_Driver/Inc/Legacy -IC:/Users/justn/STM32Cube/Repository/STM32Cube_FW_G4_V1.6.1/Drivers/BSP/STM32G4xx_Nucleo -IC:/Users/justn/STM32Cube/Repository/STM32Cube_FW_G4_V1.6.1/Drivers/CMSIS/Device/ST/STM32G4xx/Include -IC:/Users/justn/STM32Cube/Repository/STM32Cube_FW_G4_V1.6.1/Drivers/CMSIS/Include -I../USB_Device/App -I../USB_Device/Target -IC:/Users/justn/STM32Cube/Repository/STM32Cube_FW_G4_V1.6.1/Middlewares/ST/STM32_USB_Device_Library/Core/Inc -IC:/Users/justn/STM32Cube/Repository/STM32Cube_FW_G4_V1.6.1/Middlewares/ST/STM32_USB_Device_Library/Class/CDC/Inc -O0 -ffunction-sections -fdata-sections -Wall -fstack-usage -fcyclomatic-complexity -MMD -MP -MF"Core/Src/main.d" -MT"Core/Src/main.o" --specs=nano.specs -mfpu=fpv4-sp-d16 -mfloat-abi=hard -mthumb -o "Core/Src/main.o"
arm-none-eabi-gcc -o "CAN_Watchdog.elf" @"objects.list"   -mcpu=cortex-m4 -T"C:\Users\justn\Desktop\Classes\Senior Fall\EC463\EC463_Nascimento_Justin\CAN_Watchdog\CAN_Watchdog\STM32G491RETX_FLASH.ld" --specs=nosys.specs -Wl,-Map="CAN_Watchdog.map" -Wl,--gc-sections -static --specs=nano.specs -mfpu=fpv4-sp-d16 -mfloat-abi=hard -mthumb -Wl,--start-group -lc -lm -Wl,--end-group
Finished building target: CAN_Watchdog.elf
 
arm-none-eabi-size  CAN_Watchdog.elf 
arm-none-eabi-objdump -h -S CAN_Watchdog.elf  > "CAN_Watchdog.list"
   text	   data	    bss	    dec	    hex	filename
  35064	    480	   8624	  44168	   ac88	CAN_Watchdog.elf
Finished building: default.size.stdout
 
Finished building: CAN_Watchdog.list
 
14:34:48 **** Incremental Build of configuration Debug for project CAN_Watchdog ****
make -j20 all 
arm-none-eabi-size  CAN_Watchdog.elf 
   text	   data	    bss	    dec	    hex	filename
  35064	    480	   8624	  44168	   ac88	CAN_Watchdog.elf
Finished building: default.size.stdout
 
14:34:48 **** Incremental Build of configuration Debug for project Test ****
make -j20 all 
arm-none-eabi-size  Test.elf 
   text	   data	    bss	    dec	    hex	filename
   5648	     12	   1572	   7232	   1c40	Test.elf
Finished building: default.size.stdout
 
14:35:03 **** Incremental Build of configuration Debug for project CAN_Watchdog ****
make -j20 all 
arm-none-eabi-size  CAN_Watchdog.elf 
   text	   data	    bss	    dec	    hex	filename
  35064	    480	   8624	  44168	   ac88	CAN_Watchdog.elf
Finished building: default.size.stdout
 
14:37:09 **** Incremental Build of configuration Debug for project CAN_Watchdog ****
make -j20 all 
arm-none-eabi-size  CAN_Watchdog.elf 
   text	   data	    bss	    dec	    hex	filename
  35064	    480	   8624	  44168	   ac88	CAN_Watchdog.elf
Finished building: default.size.stdout
 
14:37:10 **** Incremental Build of configuration Debug for project Test ****
make -j20 all 
arm-none-eabi-gcc "../Core/Src/main.c" -mcpu=cortex-m4 -std=gnu11 -g3 -DDEBUG -DUSE_HAL_DRIVER -DSTM32G491xx -c -I../Core/Inc -I../Drivers/STM32G4xx_HAL_Driver/Inc -I../Drivers/STM32G4xx_HAL_Driver/Inc/Legacy -I../Drivers/CMSIS/Device/ST/STM32G4xx/Include -I../Drivers/CMSIS/Include -O0 -ffunction-sections -fdata-sections -Wall -fstack-usage -fcyclomatic-complexity -MMD -MP -MF"Core/Src/main.d" -MT"Core/Src/main.o" --specs=nano.specs -mfpu=fpv4-sp-d16 -mfloat-abi=hard -mthumb -o "Core/Src/main.o"
../Core/Src/main.c:3:10: fatal error: usb_device.h: No such file or directory
    3 | #include "usb_device.h"
      |          ^~~~~~~~~~~~~~
compilation terminated.
make: *** [Core/Src/subdir.mk:34: Core/Src/main.o] Error 1
"make -j20 all" terminated with exit code 2. Build might be incomplete.
14:38:28 **** Incremental Build of configuration Debug for project CAN_Watchdog ****
make -j20 all 
arm-none-eabi-size  CAN_Watchdog.elf 
   text	   data	    bss	    dec	    hex	filename
  35064	    480	   8624	  44168	   ac88	CAN_Watchdog.elf
Finished building: default.size.stdout
 
14:38:28 **** Clean-only build of configuration Debug for project Test ****
make -j20 clean 
rm -rf ./Drivers/STM32G4xx_HAL_Driver/Src/stm32g4xx_hal.cyclo ./Drivers/STM32G4xx_HAL_Driver/Src/stm32g4xx_hal.d ./Drivers/STM32G4xx_HAL_Driver/Src/stm32g4xx_hal.o ./Drivers/STM32G4xx_HAL_Driver/Src/stm32g4xx_hal.su ./Drivers/STM32G4xx_HAL_Driver/Src/stm32g4xx_hal_cortex.cyclo ./Drivers/STM32G4xx_HAL_Driver/Src/stm32g4xx_hal_cortex.d ./Drivers/STM32G4xx_HAL_Driver/Src/stm32g4xx_hal_cortex.o ./Drivers/STM32G4xx_HAL_Driver/Src/stm32g4xx_hal_cortex.su ./Drivers/STM32G4xx_HAL_Driver/Src/stm32g4xx_hal_dma.cyclo ./Drivers/STM32G4xx_HAL_Driver/Src/stm32g4xx_hal_dma.d ./Drivers/STM32G4xx_HAL_Driver/Src/stm32g4xx_hal_dma.o ./Drivers/STM32G4xx_HAL_Driver/Src/stm32g4xx_hal_dma.su ./Drivers/STM32G4xx_HAL_Driver/Src/stm32g4xx_hal_dma_ex.cyclo ./Drivers/STM32G4xx_HAL_Driver/Src/stm32g4xx_hal_dma_ex.d ./Drivers/STM32G4xx_HAL_Driver/Src/stm32g4xx_hal_dma_ex.o ./Drivers/STM32G4xx_HAL_Driver/Src/stm32g4xx_hal_dma_ex.su ./Drivers/STM32G4xx_HAL_Driver/Src/stm32g4xx_hal_exti.cyclo ./Drivers/STM32G4xx_HAL_Driver/Src/stm32g4xx_hal_exti.d ./Drivers/STM32G4xx_HAL_Driver/Src/stm32g4xx_hal_exti.o ./Drivers/STM32G4xx_HAL_Driver/Src/stm32g4xx_hal_exti.su ./Drivers/STM32G4xx_HAL_Driver/Src/stm32g4xx_hal_flash.cyclo ./Drivers/STM32G4xx_HAL_Driver/Src/stm32g4xx_hal_flash.d ./Drivers/STM32G4xx_HAL_Driver/Src/stm32g4xx_hal_flash.o ./Drivers/STM32G4xx_HAL_Driver/Src/stm32g4xx_hal_flash.su ./Drivers/STM32G4xx_HAL_Driver/Src/stm32g4xx_hal_flash_ex.cyclo ./Drivers/STM32G4xx_HAL_Driver/Src/stm32g4xx_hal_flash_ex.d ./Drivers/STM32G4xx_HAL_Driver/Src/stm32g4xx_hal_flash_ex.o ./Drivers/STM32G4xx_HAL_Driver/Src/stm32g4xx_hal_flash_ex.su ./Drivers/STM32G4xx_HAL_Driver/Src/stm32g4xx_hal_flash_ramfunc.cyclo ./Drivers/STM32G4xx_HAL_Driver/Src/stm32g4xx_hal_flash_ramfunc.d ./Drivers/STM32G4xx_HAL_Driver/Src/stm32g4xx_hal_flash_ramfunc.o ./Drivers/STM32G4xx_HAL_Driver/Src/stm32g4xx_hal_flash_ramfunc.su ./Drivers/STM32G4xx_HAL_Driver/Src/stm32g4xx_hal_gpio.cyclo ./Drivers/STM32G4xx_HAL_Driver/Src/stm32g4xx_hal_gpio.d ./Drivers/STM32G4xx_HAL_Driver/Src/stm32g4xx_hal_gpio.o ./Drivers/STM32G4xx_HAL_Driver/Src/stm32g4xx_hal_gpio.su ./Drivers/STM32G4xx_HAL_Driver/Src/stm32g4xx_hal_pwr.cyclo ./Drivers/STM32G4xx_HAL_Driver/Src/stm32g4xx_hal_pwr.d ./Drivers/STM32G4xx_HAL_Driver/Src/stm32g4xx_hal_pwr.o ./Drivers/STM32G4xx_HAL_Driver/Src/stm32g4xx_hal_pwr.su ./Drivers/STM32G4xx_HAL_Driver/Src/stm32g4xx_hal_pwr_ex.cyclo ./Drivers/STM32G4xx_HAL_Driver/Src/stm32g4xx_hal_pwr_ex.d ./Drivers/STM32G4xx_HAL_Driver/Src/stm32g4xx_hal_pwr_ex.o ./Drivers/STM32G4xx_HAL_Driver/Src/stm32g4xx_hal_pwr_ex.su ./Drivers/STM32G4xx_HAL_Driver/Src/stm32g4xx_hal_rcc.cyclo ./Drivers/STM32G4xx_HAL_Driver/Src/stm32g4xx_hal_rcc.d ./Drivers/STM32G4xx_HAL_Driver/Src/stm32g4xx_hal_rcc.o ./Drivers/STM32G4xx_HAL_Driver/Src/stm32g4xx_hal_rcc.su ./Drivers/STM32G4xx_HAL_Driver/Src/stm32g4xx_hal_rcc_ex.cyclo ./Drivers/STM32G4xx_HAL_Driver/Src/stm32g4xx_hal_rcc_ex.d ./Drivers/STM32G4xx_HAL_Driver/Src/stm32g4xx_hal_rcc_ex.o ./Drivers/STM32G4xx_HAL_Driver/Src/stm32g4xx_hal_rcc_ex.su
rm -rf ./Core/Startup/startup_stm32g491retx.d ./Core/Startup/startup_stm32g491retx.o
rm -rf ./Core/Src/main.cyclo ./Core/Src/main.d ./Core/Src/main.o ./Core/Src/main.su ./Core/Src/stm32g4xx_hal_msp.cyclo ./Core/Src/stm32g4xx_hal_msp.d ./Core/Src/stm32g4xx_hal_msp.o ./Core/Src/stm32g4xx_hal_msp.su ./Core/Src/stm32g4xx_it.cyclo ./Core/Src/stm32g4xx_it.d ./Core/Src/stm32g4xx_it.o ./Core/Src/stm32g4xx_it.su ./Core/Src/syscalls.cyclo ./Core/Src/syscalls.d ./Core/Src/syscalls.o ./Core/Src/syscalls.su ./Core/Src/sysmem.cyclo ./Core/Src/sysmem.d ./Core/Src/sysmem.o ./Core/Src/sysmem.su ./Core/Src/system_stm32g4xx.cyclo ./Core/Src/system_stm32g4xx.d ./Core/Src/system_stm32g4xx.o ./Core/Src/system_stm32g4xx.su
rm -rf Test.elf Test.list Test.map default.size.stdout
 
14:38:29 **** Incremental Build of configuration Debug for project Test ****
make -j20 all 
arm-none-eabi-gcc "../USB_Device/Target/usbd_conf.c" -mcpu=cortex-m4 -std=gnu11 -g3 -DDEBUG -DUSE_HAL_DRIVER -DSTM32G491xx -c -I../Core/Inc -I../Drivers/STM32G4xx_HAL_Driver/Inc -I../Drivers/STM32G4xx_HAL_Driver/Inc/Legacy -I../Drivers/CMSIS/Device/ST/STM32G4xx/Include -I../Drivers/CMSIS/Include -I../USB_Device/App -I../USB_Device/Target -I../Middlewares/ST/STM32_USB_Device_Library/Core/Inc -I../Middlewares/ST/STM32_USB_Device_Library/Class/CDC/Inc -O0 -ffunction-sections -fdata-sections -Wall -fstack-usage -fcyclomatic-complexity -MMD -MP -MF"USB_Device/Target/usbd_conf.d" -MT"USB_Device/Target/usbd_conf.o" --specs=nano.specs -mfpu=fpv4-sp-d16 -mfloat-abi=hard -mthumb -o "USB_Device/Target/usbd_conf.o"
arm-none-eabi-gcc "../USB_Device/App/usb_device.c" -mcpu=cortex-m4 -std=gnu11 -g3 -DDEBUG -DUSE_HAL_DRIVER -DSTM32G491xx -c -I../Core/Inc -I../Drivers/STM32G4xx_HAL_Driver/Inc -I../Drivers/STM32G4xx_HAL_Driver/Inc/Legacy -I../Drivers/CMSIS/Device/ST/STM32G4xx/Include -I../Drivers/CMSIS/Include -I../USB_Device/App -I../USB_Device/Target -I../Middlewares/ST/STM32_USB_Device_Library/Core/Inc -I../Middlewares/ST/STM32_USB_Device_Library/Class/CDC/Inc -O0 -ffunction-sections -fdata-sections -Wall -fstack-usage -fcyclomatic-complexity -MMD -MP -MF"USB_Device/App/usb_device.d" -MT"USB_Device/App/usb_device.o" --specs=nano.specs -mfpu=fpv4-sp-d16 -mfloat-abi=hard -mthumb -o "USB_Device/App/usb_device.o"
arm-none-eabi-gcc "../USB_Device/App/usbd_cdc_if.c" -mcpu=cortex-m4 -std=gnu11 -g3 -DDEBUG -DUSE_HAL_DRIVER -DSTM32G491xx -c -I../Core/Inc -I../Drivers/STM32G4xx_HAL_Driver/Inc -I../Drivers/STM32G4xx_HAL_Driver/Inc/Legacy -I../Drivers/CMSIS/Device/ST/STM32G4xx/Include -I../Drivers/CMSIS/Include -I../USB_Device/App -I../USB_Device/Target -I../Middlewares/ST/STM32_USB_Device_Library/Core/Inc -I../Middlewares/ST/STM32_USB_Device_Library/Class/CDC/Inc -O0 -ffunction-sections -fdata-sections -Wall -fstack-usage -fcyclomatic-complexity -MMD -MP -MF"USB_Device/App/usbd_cdc_if.d" -MT"USB_Device/App/usbd_cdc_if.o" --specs=nano.specs -mfpu=fpv4-sp-d16 -mfloat-abi=hard -mthumb -o "USB_Device/App/usbd_cdc_if.o"
arm-none-eabi-gcc "../USB_Device/App/usbd_desc.c" -mcpu=cortex-m4 -std=gnu11 -g3 -DDEBUG -DUSE_HAL_DRIVER -DSTM32G491xx -c -I../Core/Inc -I../Drivers/STM32G4xx_HAL_Driver/Inc -I../Drivers/STM32G4xx_HAL_Driver/Inc/Legacy -I../Drivers/CMSIS/Device/ST/STM32G4xx/Include -I../Drivers/CMSIS/Include -I../USB_Device/App -I../USB_Device/Target -I../Middlewares/ST/STM32_USB_Device_Library/Core/Inc -I../Middlewares/ST/STM32_USB_Device_Library/Class/CDC/Inc -O0 -ffunction-sections -fdata-sections -Wall -fstack-usage -fcyclomatic-complexity -MMD -MP -MF"USB_Device/App/usbd_desc.d" -MT"USB_Device/App/usbd_desc.o" --specs=nano.specs -mfpu=fpv4-sp-d16 -mfloat-abi=hard -mthumb -o "USB_Device/App/usbd_desc.o"
arm-none-eabi-gcc "../Middlewares/ST/STM32_USB_Device_Library/Core/Src/usbd_core.c" -mcpu=cortex-m4 -std=gnu11 -g3 -DDEBUG -DUSE_HAL_DRIVER -DSTM32G491xx -c -I../Core/Inc -I../Drivers/STM32G4xx_HAL_Driver/Inc -I../Drivers/STM32G4xx_HAL_Driver/Inc/Legacy -I../Drivers/CMSIS/Device/ST/STM32G4xx/Include -I../Drivers/CMSIS/Include -I../USB_Device/App -I../USB_Device/Target -I../Middlewares/ST/STM32_USB_Device_Library/Core/Inc -I../Middlewares/ST/STM32_USB_Device_Library/Class/CDC/Inc -O0 -ffunction-sections -fdata-sections -Wall -fstack-usage -fcyclomatic-complexity -MMD -MP -MF"Middlewares/ST/STM32_USB_Device_Library/Core/Src/usbd_core.d" -MT"Middlewares/ST/STM32_USB_Device_Library/Core/Src/usbd_core.o" --specs=nano.specs -mfpu=fpv4-sp-d16 -mfloat-abi=hard -mthumb -o "Middlewares/ST/STM32_USB_Device_Library/Core/Src/usbd_core.o"
arm-none-eabi-gcc "../Middlewares/ST/STM32_USB_Device_Library/Core/Src/usbd_ctlreq.c" -mcpu=cortex-m4 -std=gnu11 -g3 -DDEBUG -DUSE_HAL_DRIVER -DSTM32G491xx -c -I../Core/Inc -I../Drivers/STM32G4xx_HAL_Driver/Inc -I../Drivers/STM32G4xx_HAL_Driver/Inc/Legacy -I../Drivers/CMSIS/Device/ST/STM32G4xx/Include -I../Drivers/CMSIS/Include -I../USB_Device/App -I../USB_Device/Target -I../Middlewares/ST/STM32_USB_Device_Library/Core/Inc -I../Middlewares/ST/STM32_USB_Device_Library/Class/CDC/Inc -O0 -ffunction-sections -fdata-sections -Wall -fstack-usage -fcyclomatic-complexity -MMD -MP -MF"Middlewares/ST/STM32_USB_Device_Library/Core/Src/usbd_ctlreq.d" -MT"Middlewares/ST/STM32_USB_Device_Library/Core/Src/usbd_ctlreq.o" --specs=nano.specs -mfpu=fpv4-sp-d16 -mfloat-abi=hard -mthumb -o "Middlewares/ST/STM32_USB_Device_Library/Core/Src/usbd_ctlreq.o"
arm-none-eabi-gcc "../Middlewares/ST/STM32_USB_Device_Library/Core/Src/usbd_ioreq.c" -mcpu=cortex-m4 -std=gnu11 -g3 -DDEBUG -DUSE_HAL_DRIVER -DSTM32G491xx -c -I../Core/Inc -I../Drivers/STM32G4xx_HAL_Driver/Inc -I../Drivers/STM32G4xx_HAL_Driver/Inc/Legacy -I../Drivers/CMSIS/Device/ST/STM32G4xx/Include -I../Drivers/CMSIS/Include -I../USB_Device/App -I../USB_Device/Target -I../Middlewares/ST/STM32_USB_Device_Library/Core/Inc -I../Middlewares/ST/STM32_USB_Device_Library/Class/CDC/Inc -O0 -ffunction-sections -fdata-sections -Wall -fstack-usage -fcyclomatic-complexity -MMD -MP -MF"Middlewares/ST/STM32_USB_Device_Library/Core/Src/usbd_ioreq.d" -MT"Middlewares/ST/STM32_USB_Device_Library/Core/Src/usbd_ioreq.o" --specs=nano.specs -mfpu=fpv4-sp-d16 -mfloat-abi=hard -mthumb -o "Middlewares/ST/STM32_USB_Device_Library/Core/Src/usbd_ioreq.o"
arm-none-eabi-gcc "../Middlewares/ST/STM32_USB_Device_Library/Class/CDC/Src/usbd_cdc.c" -mcpu=cortex-m4 -std=gnu11 -g3 -DDEBUG -DUSE_HAL_DRIVER -DSTM32G491xx -c -I../Core/Inc -I../Drivers/STM32G4xx_HAL_Driver/Inc -I../Drivers/STM32G4xx_HAL_Driver/Inc/Legacy -I../Drivers/CMSIS/Device/ST/STM32G4xx/Include -I../Drivers/CMSIS/Include -I../USB_Device/App -I../USB_Device/Target -I../Middlewares/ST/STM32_USB_Device_Library/Core/Inc -I../Middlewares/ST/STM32_USB_Device_Library/Class/CDC/Inc -O0 -ffunction-sections -fdata-sections -Wall -fstack-usage -fcyclomatic-complexity -MMD -MP -MF"Middlewares/ST/STM32_USB_Device_Library/Class/CDC/Src/usbd_cdc.d" -MT"Middlewares/ST/STM32_USB_Device_Library/Class/CDC/Src/usbd_cdc.o" --specs=nano.specs -mfpu=fpv4-sp-d16 -mfloat-abi=hard -mthumb -o "Middlewares/ST/STM32_USB_Device_Library/Class/CDC/Src/usbd_cdc.o"
arm-none-eabi-gcc "../Drivers/STM32G4xx_HAL_Driver/Src/stm32g4xx_hal.c" -mcpu=cortex-m4 -std=gnu11 -g3 -DDEBUG -DUSE_HAL_DRIVER -DSTM32G491xx -c -I../Core/Inc -I../Drivers/STM32G4xx_HAL_Driver/Inc -I../Drivers/STM32G4xx_HAL_Driver/Inc/Legacy -I../Drivers/CMSIS/Device/ST/STM32G4xx/Include -I../Drivers/CMSIS/Include -I../USB_Device/App -I../USB_Device/Target -I../Middlewares/ST/STM32_USB_Device_Library/Core/Inc -I../Middlewares/ST/STM32_USB_Device_Library/Class/CDC/Inc -O0 -ffunction-sections -fdata-sections -Wall -fstack-usage -fcyclomatic-complexity -MMD -MP -MF"Drivers/STM32G4xx_HAL_Driver/Src/stm32g4xx_hal.d" -MT"Drivers/STM32G4xx_HAL_Driver/Src/stm32g4xx_hal.o" --specs=nano.specs -mfpu=fpv4-sp-d16 -mfloat-abi=hard -mthumb -o "Drivers/STM32G4xx_HAL_Driver/Src/stm32g4xx_hal.o"
arm-none-eabi-gcc "../Drivers/STM32G4xx_HAL_Driver/Src/stm32g4xx_hal_cortex.c" -mcpu=cortex-m4 -std=gnu11 -g3 -DDEBUG -DUSE_HAL_DRIVER -DSTM32G491xx -c -I../Core/Inc -I../Drivers/STM32G4xx_HAL_Driver/Inc -I../Drivers/STM32G4xx_HAL_Driver/Inc/Legacy -I../Drivers/CMSIS/Device/ST/STM32G4xx/Include -I../Drivers/CMSIS/Include -I../USB_Device/App -I../USB_Device/Target -I../Middlewares/ST/STM32_USB_Device_Library/Core/Inc -I../Middlewares/ST/STM32_USB_Device_Library/Class/CDC/Inc -O0 -ffunction-sections -fdata-sections -Wall -fstack-usage -fcyclomatic-complexity -MMD -MP -MF"Drivers/STM32G4xx_HAL_Driver/Src/stm32g4xx_hal_cortex.d" -MT"Drivers/STM32G4xx_HAL_Driver/Src/stm32g4xx_hal_cortex.o" --specs=nano.specs -mfpu=fpv4-sp-d16 -mfloat-abi=hard -mthumb -o "Drivers/STM32G4xx_HAL_Driver/Src/stm32g4xx_hal_cortex.o"
arm-none-eabi-gcc "../Drivers/STM32G4xx_HAL_Driver/Src/stm32g4xx_hal_dma.c" -mcpu=cortex-m4 -std=gnu11 -g3 -DDEBUG -DUSE_HAL_DRIVER -DSTM32G491xx -c -I../Core/Inc -I../Drivers/STM32G4xx_HAL_Driver/Inc -I../Drivers/STM32G4xx_HAL_Driver/Inc/Legacy -I../Drivers/CMSIS/Device/ST/STM32G4xx/Include -I../Drivers/CMSIS/Include -I../USB_Device/App -I../USB_Device/Target -I../Middlewares/ST/STM32_USB_Device_Library/Core/Inc -I../Middlewares/ST/STM32_USB_Device_Library/Class/CDC/Inc -O0 -ffunction-sections -fdata-sections -Wall -fstack-usage -fcyclomatic-complexity -MMD -MP -MF"Drivers/STM32G4xx_HAL_Driver/Src/stm32g4xx_hal_dma.d" -MT"Drivers/STM32G4xx_HAL_Driver/Src/stm32g4xx_hal_dma.o" --specs=nano.specs -mfpu=fpv4-sp-d16 -mfloat-abi=hard -mthumb -o "Drivers/STM32G4xx_HAL_Driver/Src/stm32g4xx_hal_dma.o"
arm-none-eabi-gcc "../Drivers/STM32G4xx_HAL_Driver/Src/stm32g4xx_hal_dma_ex.c" -mcpu=cortex-m4 -std=gnu11 -g3 -DDEBUG -DUSE_HAL_DRIVER -DSTM32G491xx -c -I../Core/Inc -I../Drivers/STM32G4xx_HAL_Driver/Inc -I../Drivers/STM32G4xx_HAL_Driver/Inc/Legacy -I../Drivers/CMSIS/Device/ST/STM32G4xx/Include -I../Drivers/CMSIS/Include -I../USB_Device/App -I../USB_Device/Target -I../Middlewares/ST/STM32_USB_Device_Library/Core/Inc -I../Middlewares/ST/STM32_USB_Device_Library/Class/CDC/Inc -O0 -ffunction-sections -fdata-sections -Wall -fstack-usage -fcyclomatic-complexity -MMD -MP -MF"Drivers/STM32G4xx_HAL_Driver/Src/stm32g4xx_hal_dma_ex.d" -MT"Drivers/STM32G4xx_HAL_Driver/Src/stm32g4xx_hal_dma_ex.o" --specs=nano.specs -mfpu=fpv4-sp-d16 -mfloat-abi=hard -mthumb -o "Drivers/STM32G4xx_HAL_Driver/Src/stm32g4xx_hal_dma_ex.o"
arm-none-eabi-gcc "../Drivers/STM32G4xx_HAL_Driver/Src/stm32g4xx_hal_exti.c" -mcpu=cortex-m4 -std=gnu11 -g3 -DDEBUG -DUSE_HAL_DRIVER -DSTM32G491xx -c -I../Core/Inc -I../Drivers/STM32G4xx_HAL_Driver/Inc -I../Drivers/STM32G4xx_HAL_Driver/Inc/Legacy -I../Drivers/CMSIS/Device/ST/STM32G4xx/Include -I../Drivers/CMSIS/Include -I../USB_Device/App -I../USB_Device/Target -I../Middlewares/ST/STM32_USB_Device_Library/Core/Inc -I../Middlewares/ST/STM32_USB_Device_Library/Class/CDC/Inc -O0 -ffunction-sections -fdata-sections -Wall -fstack-usage -fcyclomatic-complexity -MMD -MP -MF"Drivers/STM32G4xx_HAL_Driver/Src/stm32g4xx_hal_exti.d" -MT"Drivers/STM32G4xx_HAL_Driver/Src/stm32g4xx_hal_exti.o" --specs=nano.specs -mfpu=fpv4-sp-d16 -mfloat-abi=hard -mthumb -o "Drivers/STM32G4xx_HAL_Driver/Src/stm32g4xx_hal_exti.o"
arm-none-eabi-gcc "../Drivers/STM32G4xx_HAL_Driver/Src/stm32g4xx_hal_flash.c" -mcpu=cortex-m4 -std=gnu11 -g3 -DDEBUG -DUSE_HAL_DRIVER -DSTM32G491xx -c -I../Core/Inc -I../Drivers/STM32G4xx_HAL_Driver/Inc -I../Drivers/STM32G4xx_HAL_Driver/Inc/Legacy -I../Drivers/CMSIS/Device/ST/STM32G4xx/Include -I../Drivers/CMSIS/Include -I../USB_Device/App -I../USB_Device/Target -I../Middlewares/ST/STM32_USB_Device_Library/Core/Inc -I../Middlewares/ST/STM32_USB_Device_Library/Class/CDC/Inc -O0 -ffunction-sections -fdata-sections -Wall -fstack-usage -fcyclomatic-complexity -MMD -MP -MF"Drivers/STM32G4xx_HAL_Driver/Src/stm32g4xx_hal_flash.d" -MT"Drivers/STM32G4xx_HAL_Driver/Src/stm32g4xx_hal_flash.o" --specs=nano.specs -mfpu=fpv4-sp-d16 -mfloat-abi=hard -mthumb -o "Drivers/STM32G4xx_HAL_Driver/Src/stm32g4xx_hal_flash.o"
arm-none-eabi-gcc "../Drivers/STM32G4xx_HAL_Driver/Src/stm32g4xx_hal_flash_ex.c" -mcpu=cortex-m4 -std=gnu11 -g3 -DDEBUG -DUSE_HAL_DRIVER -DSTM32G491xx -c -I../Core/Inc -I../Drivers/STM32G4xx_HAL_Driver/Inc -I../Drivers/STM32G4xx_HAL_Driver/Inc/Legacy -I../Drivers/CMSIS/Device/ST/STM32G4xx/Include -I../Drivers/CMSIS/Include -I../USB_Device/App -I../USB_Device/Target -I../Middlewares/ST/STM32_USB_Device_Library/Core/Inc -I../Middlewares/ST/STM32_USB_Device_Library/Class/CDC/Inc -O0 -ffunction-sections -fdata-sections -Wall -fstack-usage -fcyclomatic-complexity -MMD -MP -MF"Drivers/STM32G4xx_HAL_Driver/Src/stm32g4xx_hal_flash_ex.d" -MT"Drivers/STM32G4xx_HAL_Driver/Src/stm32g4xx_hal_flash_ex.o" --specs=nano.specs -mfpu=fpv4-sp-d16 -mfloat-abi=hard -mthumb -o "Drivers/STM32G4xx_HAL_Driver/Src/stm32g4xx_hal_flash_ex.o"
arm-none-eabi-gcc "../Drivers/STM32G4xx_HAL_Driver/Src/stm32g4xx_hal_flash_ramfunc.c" -mcpu=cortex-m4 -std=gnu11 -g3 -DDEBUG -DUSE_HAL_DRIVER -DSTM32G491xx -c -I../Core/Inc -I../Drivers/STM32G4xx_HAL_Driver/Inc -I../Drivers/STM32G4xx_HAL_Driver/Inc/Legacy -I../Drivers/CMSIS/Device/ST/STM32G4xx/Include -I../Drivers/CMSIS/Include -I../USB_Device/App -I../USB_Device/Target -I../Middlewares/ST/STM32_USB_Device_Library/Core/Inc -I../Middlewares/ST/STM32_USB_Device_Library/Class/CDC/Inc -O0 -ffunction-sections -fdata-sections -Wall -fstack-usage -fcyclomatic-complexity -MMD -MP -MF"Drivers/STM32G4xx_HAL_Driver/Src/stm32g4xx_hal_flash_ramfunc.d" -MT"Drivers/STM32G4xx_HAL_Driver/Src/stm32g4xx_hal_flash_ramfunc.o" --specs=nano.specs -mfpu=fpv4-sp-d16 -mfloat-abi=hard -mthumb -o "Drivers/STM32G4xx_HAL_Driver/Src/stm32g4xx_hal_flash_ramfunc.o"
arm-none-eabi-gcc "../Drivers/STM32G4xx_HAL_Driver/Src/stm32g4xx_hal_gpio.c" -mcpu=cortex-m4 -std=gnu11 -g3 -DDEBUG -DUSE_HAL_DRIVER -DSTM32G491xx -c -I../Core/Inc -I../Drivers/STM32G4xx_HAL_Driver/Inc -I../Drivers/STM32G4xx_HAL_Driver/Inc/Legacy -I../Drivers/CMSIS/Device/ST/STM32G4xx/Include -I../Drivers/CMSIS/Include -I../USB_Device/App -I../USB_Device/Target -I../Middlewares/ST/STM32_USB_Device_Library/Core/Inc -I../Middlewares/ST/STM32_USB_Device_Library/Class/CDC/Inc -O0 -ffunction-sections -fdata-sections -Wall -fstack-usage -fcyclomatic-complexity -MMD -MP -MF"Drivers/STM32G4xx_HAL_Driver/Src/stm32g4xx_hal_gpio.d" -MT"Drivers/STM32G4xx_HAL_Driver/Src/stm32g4xx_hal_gpio.o" --specs=nano.specs -mfpu=fpv4-sp-d16 -mfloat-abi=hard -mthumb -o "Drivers/STM32G4xx_HAL_Driver/Src/stm32g4xx_hal_gpio.o"
arm-none-eabi-gcc "../Drivers/STM32G4xx_HAL_Driver/Src/stm32g4xx_hal_pcd.c" -mcpu=cortex-m4 -std=gnu11 -g3 -DDEBUG -DUSE_HAL_DRIVER -DSTM32G491xx -c -I../Core/Inc -I../Drivers/STM32G4xx_HAL_Driver/Inc -I../Drivers/STM32G4xx_HAL_Driver/Inc/Legacy -I../Drivers/CMSIS/Device/ST/STM32G4xx/Include -I../Drivers/CMSIS/Include -I../USB_Device/App -I../USB_Device/Target -I../Middlewares/ST/STM32_USB_Device_Library/Core/Inc -I../Middlewares/ST/STM32_USB_Device_Library/Class/CDC/Inc -O0 -ffunction-sections -fdata-sections -Wall -fstack-usage -fcyclomatic-complexity -MMD -MP -MF"Drivers/STM32G4xx_HAL_Driver/Src/stm32g4xx_hal_pcd.d" -MT"Drivers/STM32G4xx_HAL_Driver/Src/stm32g4xx_hal_pcd.o" --specs=nano.specs -mfpu=fpv4-sp-d16 -mfloat-abi=hard -mthumb -o "Drivers/STM32G4xx_HAL_Driver/Src/stm32g4xx_hal_pcd.o"
arm-none-eabi-gcc "../Drivers/STM32G4xx_HAL_Driver/Src/stm32g4xx_hal_pcd_ex.c" -mcpu=cortex-m4 -std=gnu11 -g3 -DDEBUG -DUSE_HAL_DRIVER -DSTM32G491xx -c -I../Core/Inc -I../Drivers/STM32G4xx_HAL_Driver/Inc -I../Drivers/STM32G4xx_HAL_Driver/Inc/Legacy -I../Drivers/CMSIS/Device/ST/STM32G4xx/Include -I../Drivers/CMSIS/Include -I../USB_Device/App -I../USB_Device/Target -I../Middlewares/ST/STM32_USB_Device_Library/Core/Inc -I../Middlewares/ST/STM32_USB_Device_Library/Class/CDC/Inc -O0 -ffunction-sections -fdata-sections -Wall -fstack-usage -fcyclomatic-complexity -MMD -MP -MF"Drivers/STM32G4xx_HAL_Driver/Src/stm32g4xx_hal_pcd_ex.d" -MT"Drivers/STM32G4xx_HAL_Driver/Src/stm32g4xx_hal_pcd_ex.o" --specs=nano.specs -mfpu=fpv4-sp-d16 -mfloat-abi=hard -mthumb -o "Drivers/STM32G4xx_HAL_Driver/Src/stm32g4xx_hal_pcd_ex.o"
arm-none-eabi-gcc "../Drivers/STM32G4xx_HAL_Driver/Src/stm32g4xx_hal_pwr.c" -mcpu=cortex-m4 -std=gnu11 -g3 -DDEBUG -DUSE_HAL_DRIVER -DSTM32G491xx -c -I../Core/Inc -I../Drivers/STM32G4xx_HAL_Driver/Inc -I../Drivers/STM32G4xx_HAL_Driver/Inc/Legacy -I../Drivers/CMSIS/Device/ST/STM32G4xx/Include -I../Drivers/CMSIS/Include -I../USB_Device/App -I../USB_Device/Target -I../Middlewares/ST/STM32_USB_Device_Library/Core/Inc -I../Middlewares/ST/STM32_USB_Device_Library/Class/CDC/Inc -O0 -ffunction-sections -fdata-sections -Wall -fstack-usage -fcyclomatic-complexity -MMD -MP -MF"Drivers/STM32G4xx_HAL_Driver/Src/stm32g4xx_hal_pwr.d" -MT"Drivers/STM32G4xx_HAL_Driver/Src/stm32g4xx_hal_pwr.o" --specs=nano.specs -mfpu=fpv4-sp-d16 -mfloat-abi=hard -mthumb -o "Drivers/STM32G4xx_HAL_Driver/Src/stm32g4xx_hal_pwr.o"
arm-none-eabi-gcc "../Drivers/STM32G4xx_HAL_Driver/Src/stm32g4xx_hal_pwr_ex.c" -mcpu=cortex-m4 -std=gnu11 -g3 -DDEBUG -DUSE_HAL_DRIVER -DSTM32G491xx -c -I../Core/Inc -I../Drivers/STM32G4xx_HAL_Driver/Inc -I../Drivers/STM32G4xx_HAL_Driver/Inc/Legacy -I../Drivers/CMSIS/Device/ST/STM32G4xx/Include -I../Drivers/CMSIS/Include -I../USB_Device/App -I../USB_Device/Target -I../Middlewares/ST/STM32_USB_Device_Library/Core/Inc -I../Middlewares/ST/STM32_USB_Device_Library/Class/CDC/Inc -O0 -ffunction-sections -fdata-sections -Wall -fstack-usage -fcyclomatic-complexity -MMD -MP -MF"Drivers/STM32G4xx_HAL_Driver/Src/stm32g4xx_hal_pwr_ex.d" -MT"Drivers/STM32G4xx_HAL_Driver/Src/stm32g4xx_hal_pwr_ex.o" --specs=nano.specs -mfpu=fpv4-sp-d16 -mfloat-abi=hard -mthumb -o "Drivers/STM32G4xx_HAL_Driver/Src/stm32g4xx_hal_pwr_ex.o"
arm-none-eabi-gcc "../Drivers/STM32G4xx_HAL_Driver/Src/stm32g4xx_hal_rcc.c" -mcpu=cortex-m4 -std=gnu11 -g3 -DDEBUG -DUSE_HAL_DRIVER -DSTM32G491xx -c -I../Core/Inc -I../Drivers/STM32G4xx_HAL_Driver/Inc -I../Drivers/STM32G4xx_HAL_Driver/Inc/Legacy -I../Drivers/CMSIS/Device/ST/STM32G4xx/Include -I../Drivers/CMSIS/Include -I../USB_Device/App -I../USB_Device/Target -I../Middlewares/ST/STM32_USB_Device_Library/Core/Inc -I../Middlewares/ST/STM32_USB_Device_Library/Class/CDC/Inc -O0 -ffunction-sections -fdata-sections -Wall -fstack-usage -fcyclomatic-complexity -MMD -MP -MF"Drivers/STM32G4xx_HAL_Driver/Src/stm32g4xx_hal_rcc.d" -MT"Drivers/STM32G4xx_HAL_Driver/Src/stm32g4xx_hal_rcc.o" --specs=nano.specs -mfpu=fpv4-sp-d16 -mfloat-abi=hard -mthumb -o "Drivers/STM32G4xx_HAL_Driver/Src/stm32g4xx_hal_rcc.o"
arm-none-eabi-gcc "../Drivers/STM32G4xx_HAL_Driver/Src/stm32g4xx_hal_rcc_ex.c" -mcpu=cortex-m4 -std=gnu11 -g3 -DDEBUG -DUSE_HAL_DRIVER -DSTM32G491xx -c -I../Core/Inc -I../Drivers/STM32G4xx_HAL_Driver/Inc -I../Drivers/STM32G4xx_HAL_Driver/Inc/Legacy -I../Drivers/CMSIS/Device/ST/STM32G4xx/Include -I../Drivers/CMSIS/Include -I../USB_Device/App -I../USB_Device/Target -I../Middlewares/ST/STM32_USB_Device_Library/Core/Inc -I../Middlewares/ST/STM32_USB_Device_Library/Class/CDC/Inc -O0 -ffunction-sections -fdata-sections -Wall -fstack-usage -fcyclomatic-complexity -MMD -MP -MF"Drivers/STM32G4xx_HAL_Driver/Src/stm32g4xx_hal_rcc_ex.d" -MT"Drivers/STM32G4xx_HAL_Driver/Src/stm32g4xx_hal_rcc_ex.o" --specs=nano.specs -mfpu=fpv4-sp-d16 -mfloat-abi=hard -mthumb -o "Drivers/STM32G4xx_HAL_Driver/Src/stm32g4xx_hal_rcc_ex.o"
arm-none-eabi-gcc "../Drivers/STM32G4xx_HAL_Driver/Src/stm32g4xx_ll_usb.c" -mcpu=cortex-m4 -std=gnu11 -g3 -DDEBUG -DUSE_HAL_DRIVER -DSTM32G491xx -c -I../Core/Inc -I../Drivers/STM32G4xx_HAL_Driver/Inc -I../Drivers/STM32G4xx_HAL_Driver/Inc/Legacy -I../Drivers/CMSIS/Device/ST/STM32G4xx/Include -I../Drivers/CMSIS/Include -I../USB_Device/App -I../USB_Device/Target -I../Middlewares/ST/STM32_USB_Device_Library/Core/Inc -I../Middlewares/ST/STM32_USB_Device_Library/Class/CDC/Inc -O0 -ffunction-sections -fdata-sections -Wall -fstack-usage -fcyclomatic-complexity -MMD -MP -MF"Drivers/STM32G4xx_HAL_Driver/Src/stm32g4xx_ll_usb.d" -MT"Drivers/STM32G4xx_HAL_Driver/Src/stm32g4xx_ll_usb.o" --specs=nano.specs -mfpu=fpv4-sp-d16 -mfloat-abi=hard -mthumb -o "Drivers/STM32G4xx_HAL_Driver/Src/stm32g4xx_ll_usb.o"
arm-none-eabi-gcc -mcpu=cortex-m4 -g3 -DDEBUG -c -x assembler-with-cpp -MMD -MP -MF"Core/Startup/startup_stm32g491retx.d" -MT"Core/Startup/startup_stm32g491retx.o" --specs=nano.specs -mfpu=fpv4-sp-d16 -mfloat-abi=hard -mthumb -o "Core/Startup/startup_stm32g491retx.o" "../Core/Startup/startup_stm32g491retx.s"
arm-none-eabi-gcc "../Core/Src/main.c" -mcpu=cortex-m4 -std=gnu11 -g3 -DDEBUG -DUSE_HAL_DRIVER -DSTM32G491xx -c -I../Core/Inc -I../Drivers/STM32G4xx_HAL_Driver/Inc -I../Drivers/STM32G4xx_HAL_Driver/Inc/Legacy -I../Drivers/CMSIS/Device/ST/STM32G4xx/Include -I../Drivers/CMSIS/Include -I../USB_Device/App -I../USB_Device/Target -I../Middlewares/ST/STM32_USB_Device_Library/Core/Inc -I../Middlewares/ST/STM32_USB_Device_Library/Class/CDC/Inc -O0 -ffunction-sections -fdata-sections -Wall -fstack-usage -fcyclomatic-complexity -MMD -MP -MF"Core/Src/main.d" -MT"Core/Src/main.o" --specs=nano.specs -mfpu=fpv4-sp-d16 -mfloat-abi=hard -mthumb -o "Core/Src/main.o"
arm-none-eabi-gcc "../Core/Src/stm32g4xx_hal_msp.c" -mcpu=cortex-m4 -std=gnu11 -g3 -DDEBUG -DUSE_HAL_DRIVER -DSTM32G491xx -c -I../Core/Inc -I../Drivers/STM32G4xx_HAL_Driver/Inc -I../Drivers/STM32G4xx_HAL_Driver/Inc/Legacy -I../Drivers/CMSIS/Device/ST/STM32G4xx/Include -I../Drivers/CMSIS/Include -I../USB_Device/App -I../USB_Device/Target -I../Middlewares/ST/STM32_USB_Device_Library/Core/Inc -I../Middlewares/ST/STM32_USB_Device_Library/Class/CDC/Inc -O0 -ffunction-sections -fdata-sections -Wall -fstack-usage -fcyclomatic-complexity -MMD -MP -MF"Core/Src/stm32g4xx_hal_msp.d" -MT"Core/Src/stm32g4xx_hal_msp.o" --specs=nano.specs -mfpu=fpv4-sp-d16 -mfloat-abi=hard -mthumb -o "Core/Src/stm32g4xx_hal_msp.o"
arm-none-eabi-gcc "../Core/Src/stm32g4xx_it.c" -mcpu=cortex-m4 -std=gnu11 -g3 -DDEBUG -DUSE_HAL_DRIVER -DSTM32G491xx -c -I../Core/Inc -I../Drivers/STM32G4xx_HAL_Driver/Inc -I../Drivers/STM32G4xx_HAL_Driver/Inc/Legacy -I../Drivers/CMSIS/Device/ST/STM32G4xx/Include -I../Drivers/CMSIS/Include -I../USB_Device/App -I../USB_Device/Target -I../Middlewares/ST/STM32_USB_Device_Library/Core/Inc -I../Middlewares/ST/STM32_USB_Device_Library/Class/CDC/Inc -O0 -ffunction-sections -fdata-sections -Wall -fstack-usage -fcyclomatic-complexity -MMD -MP -MF"Core/Src/stm32g4xx_it.d" -MT"Core/Src/stm32g4xx_it.o" --specs=nano.specs -mfpu=fpv4-sp-d16 -mfloat-abi=hard -mthumb -o "Core/Src/stm32g4xx_it.o"
arm-none-eabi-gcc "../Core/Src/syscalls.c" -mcpu=cortex-m4 -std=gnu11 -g3 -DDEBUG -DUSE_HAL_DRIVER -DSTM32G491xx -c -I../Core/Inc -I../Drivers/STM32G4xx_HAL_Driver/Inc -I../Drivers/STM32G4xx_HAL_Driver/Inc/Legacy -I../Drivers/CMSIS/Device/ST/STM32G4xx/Include -I../Drivers/CMSIS/Include -I../USB_Device/App -I../USB_Device/Target -I../Middlewares/ST/STM32_USB_Device_Library/Core/Inc -I../Middlewares/ST/STM32_USB_Device_Library/Class/CDC/Inc -O0 -ffunction-sections -fdata-sections -Wall -fstack-usage -fcyclomatic-complexity -MMD -MP -MF"Core/Src/syscalls.d" -MT"Core/Src/syscalls.o" --specs=nano.specs -mfpu=fpv4-sp-d16 -mfloat-abi=hard -mthumb -o "Core/Src/syscalls.o"
arm-none-eabi-gcc "../Core/Src/sysmem.c" -mcpu=cortex-m4 -std=gnu11 -g3 -DDEBUG -DUSE_HAL_DRIVER -DSTM32G491xx -c -I../Core/Inc -I../Drivers/STM32G4xx_HAL_Driver/Inc -I../Drivers/STM32G4xx_HAL_Driver/Inc/Legacy -I../Drivers/CMSIS/Device/ST/STM32G4xx/Include -I../Drivers/CMSIS/Include -I../USB_Device/App -I../USB_Device/Target -I../Middlewares/ST/STM32_USB_Device_Library/Core/Inc -I../Middlewares/ST/STM32_USB_Device_Library/Class/CDC/Inc -O0 -ffunction-sections -fdata-sections -Wall -fstack-usage -fcyclomatic-complexity -MMD -MP -MF"Core/Src/sysmem.d" -MT"Core/Src/sysmem.o" --specs=nano.specs -mfpu=fpv4-sp-d16 -mfloat-abi=hard -mthumb -o "Core/Src/sysmem.o"
arm-none-eabi-gcc "../Core/Src/system_stm32g4xx.c" -mcpu=cortex-m4 -std=gnu11 -g3 -DDEBUG -DUSE_HAL_DRIVER -DSTM32G491xx -c -I../Core/Inc -I../Drivers/STM32G4xx_HAL_Driver/Inc -I../Drivers/STM32G4xx_HAL_Driver/Inc/Legacy -I../Drivers/CMSIS/Device/ST/STM32G4xx/Include -I../Drivers/CMSIS/Include -I../USB_Device/App -I../USB_Device/Target -I../Middlewares/ST/STM32_USB_Device_Library/Core/Inc -I../Middlewares/ST/STM32_USB_Device_Library/Class/CDC/Inc -O0 -ffunction-sections -fdata-sections -Wall -fstack-usage -fcyclomatic-complexity -MMD -MP -MF"Core/Src/system_stm32g4xx.d" -MT"Core/Src/system_stm32g4xx.o" --specs=nano.specs -mfpu=fpv4-sp-d16 -mfloat-abi=hard -mthumb -o "Core/Src/system_stm32g4xx.o"
../Core/Src/main.c: In function '_write':
../Core/Src/main.c:14:9: error: 'hUsbDeviceFS' undeclared (first use in this function)
   14 |     if (hUsbDeviceFS.dev_state == USBD_STATE_CONFIGURED)
      |         ^~~~~~~~~~~~
../Core/Src/main.c:14:9: note: each undeclared identifier is reported only once for each function it appears in
make: *** [Core/Src/subdir.mk:34: Core/Src/main.o] Error 1
make: *** Waiting for unfinished jobs....
"make -j20 all" terminated with exit code 2. Build might be incomplete.
14:40:21 **** Incremental Build of configuration Debug for project CAN_Watchdog ****
make -j20 all 
arm-none-eabi-size  CAN_Watchdog.elf 
   text	   data	    bss	    dec	    hex	filename
  35064	    480	   8624	  44168	   ac88	CAN_Watchdog.elf
Finished building: default.size.stdout
 
14:40:22 **** Incremental Build of configuration Debug for project Test ****
make -j20 all 
arm-none-eabi-gcc "../Core/Src/main.c" -mcpu=cortex-m4 -std=gnu11 -g3 -DDEBUG -DUSE_HAL_DRIVER -DSTM32G491xx -c -I../Core/Inc -I../Drivers/STM32G4xx_HAL_Driver/Inc -I../Drivers/STM32G4xx_HAL_Driver/Inc/Legacy -I../Drivers/CMSIS/Device/ST/STM32G4xx/Include -I../Drivers/CMSIS/Include -I../USB_Device/App -I../USB_Device/Target -I../Middlewares/ST/STM32_USB_Device_Library/Core/Inc -I../Middlewares/ST/STM32_USB_Device_Library/Class/CDC/Inc -O0 -ffunction-sections -fdata-sections -Wall -fstack-usage -fcyclomatic-complexity -MMD -MP -MF"Core/Src/main.d" -MT"Core/Src/main.o" --specs=nano.specs -mfpu=fpv4-sp-d16 -mfloat-abi=hard -mthumb -o "Core/Src/main.o"
arm-none-eabi-gcc -o "Test.elf" @"objects.list"   -mcpu=cortex-m4 -T"C:\Users\justn\Desktop\Classes\Senior Fall\EC463\EC463_Nascimento_Justin\CAN_Watchdog\Test\STM32G491RETX_FLASH.ld" --specs=nosys.specs -Wl,-Map="Test.map" -Wl,--gc-sections -static --specs=nano.specs -mfpu=fpv4-sp-d16 -mfloat-abi=hard -mthumb -Wl,--start-group -lc -lm -Wl,--end-group
Finished building target: Test.elf
 
arm-none-eabi-size  Test.elf 
arm-none-eabi-objdump -h -S Test.elf  > "Test.list"
   text	   data	    bss	    dec	    hex	filename
  32764	    480	   8512	  41756	   a31c	Test.elf
Finished building: default.size.stdout
 
Finished building: Test.list
 
14:40:27 **** Incremental Build of configuration Debug for project Test ****
make -j20 all 
arm-none-eabi-size  Test.elf 
   text	   data	    bss	    dec	    hex	filename
  32764	    480	   8512	  41756	   a31c	Test.elf
Finished building: default.size.stdout
 
14:41:50 **** Incremental Build of configuration Debug for project CAN_Watchdog ****
make -j20 all 
arm-none-eabi-size  CAN_Watchdog.elf 
   text	   data	    bss	    dec	    hex	filename
  35064	    480	   8624	  44168	   ac88	CAN_Watchdog.elf
Finished building: default.size.stdout
 
14:41:50 **** Incremental Build of configuration Debug for project Test ****
make -j20 all 
arm-none-eabi-gcc "../Core/Src/main.c" -mcpu=cortex-m4 -std=gnu11 -g3 -DDEBUG -DUSE_HAL_DRIVER -DSTM32G491xx -c -I../Core/Inc -I../Drivers/STM32G4xx_HAL_Driver/Inc -I../Drivers/STM32G4xx_HAL_Driver/Inc/Legacy -I../Drivers/CMSIS/Device/ST/STM32G4xx/Include -I../Drivers/CMSIS/Include -I../USB_Device/App -I../USB_Device/Target -I../Middlewares/ST/STM32_USB_Device_Library/Core/Inc -I../Middlewares/ST/STM32_USB_Device_Library/Class/CDC/Inc -O0 -ffunction-sections -fdata-sections -Wall -fstack-usage -fcyclomatic-complexity -MMD -MP -MF"Core/Src/main.d" -MT"Core/Src/main.o" --specs=nano.specs -mfpu=fpv4-sp-d16 -mfloat-abi=hard -mthumb -o "Core/Src/main.o"
arm-none-eabi-gcc -o "Test.elf" @"objects.list"   -mcpu=cortex-m4 -T"C:\Users\justn\Desktop\Classes\Senior Fall\EC463\EC463_Nascimento_Justin\CAN_Watchdog\Test\STM32G491RETX_FLASH.ld" --specs=nosys.specs -Wl,-Map="Test.map" -Wl,--gc-sections -static --specs=nano.specs -mfpu=fpv4-sp-d16 -mfloat-abi=hard -mthumb -Wl,--start-group -lc -lm -Wl,--end-group
Finished building target: Test.elf
 
arm-none-eabi-size  Test.elf 
arm-none-eabi-objdump -h -S Test.elf  > "Test.list"
   text	   data	    bss	    dec	    hex	filename
  32792	    480	   8512	  41784	   a338	Test.elf
Finished building: default.size.stdout
 
Finished building: Test.list
 
14:41:55 **** Incremental Build of configuration Debug for project Test ****
make -j20 all 
arm-none-eabi-size  Test.elf 
   text	   data	    bss	    dec	    hex	filename
  32792	    480	   8512	  41784	   a338	Test.elf
Finished building: default.size.stdout
 
14:43:51 **** Incremental Build of configuration Debug for project Test ****
make -j20 all 
arm-none-eabi-size  Test.elf 
   text	   data	    bss	    dec	    hex	filename
  32792	    480	   8512	  41784	   a338	Test.elf
Finished building: default.size.stdout
 
14:44:22 **** Incremental Build of configuration Debug for project CAN_Watchdog ****
make -j20 all 
arm-none-eabi-size  CAN_Watchdog.elf 
   text	   data	    bss	    dec	    hex	filename
  35064	    480	   8624	  44168	   ac88	CAN_Watchdog.elf
Finished building: default.size.stdout
 
14:44:23 **** Incremental Build of configuration Debug for project Test ****
make -j20 all 
arm-none-eabi-gcc "../Core/Src/main.c" -mcpu=cortex-m4 -std=gnu11 -g3 -DDEBUG -DUSE_HAL_DRIVER -DSTM32G491xx -c -I../Core/Inc -I../Drivers/STM32G4xx_HAL_Driver/Inc -I../Drivers/STM32G4xx_HAL_Driver/Inc/Legacy -I../Drivers/CMSIS/Device/ST/STM32G4xx/Include -I../Drivers/CMSIS/Include -I../USB_Device/App -I../USB_Device/Target -I../Middlewares/ST/STM32_USB_Device_Library/Core/Inc -I../Middlewares/ST/STM32_USB_Device_Library/Class/CDC/Inc -O0 -ffunction-sections -fdata-sections -Wall -fstack-usage -fcyclomatic-complexity -MMD -MP -MF"Core/Src/main.d" -MT"Core/Src/main.o" --specs=nano.specs -mfpu=fpv4-sp-d16 -mfloat-abi=hard -mthumb -o "Core/Src/main.o"
arm-none-eabi-gcc -o "Test.elf" @"objects.list"   -mcpu=cortex-m4 -T"C:\Users\justn\Desktop\Classes\Senior Fall\EC463\EC463_Nascimento_Justin\CAN_Watchdog\Test\STM32G491RETX_FLASH.ld" --specs=nosys.specs -Wl,-Map="Test.map" -Wl,--gc-sections -static --specs=nano.specs -mfpu=fpv4-sp-d16 -mfloat-abi=hard -mthumb -Wl,--start-group -lc -lm -Wl,--end-group
Finished building target: Test.elf
 
arm-none-eabi-size  Test.elf 
arm-none-eabi-objdump -h -S Test.elf  > "Test.list"
   text	   data	    bss	    dec	    hex	filename
  32764	    480	   8512	  41756	   a31c	Test.elf
Finished building: default.size.stdout
 
Finished building: Test.list
 
14:44:27 **** Incremental Build of configuration Debug for project Test ****
make -j20 all 
arm-none-eabi-size  Test.elf 
   text	   data	    bss	    dec	    hex	filename
  32764	    480	   8512	  41756	   a31c	Test.elf
Finished building: default.size.stdout
 
15:11:39 **** Incremental Build of configuration Debug for project CAN_Watchdog ****
make -j20 all 
arm-none-eabi-gcc "../Core/Src/main.c" -mcpu=cortex-m4 -std=gnu11 -g3 -DDEBUG -DUSE_NUCLEO_64 -DUSE_HAL_DRIVER -DSTM32G491xx -c -I../Core/Inc -IC:/Users/justn/STM32Cube/Repository/STM32Cube_FW_G4_V1.6.1/Drivers/STM32G4xx_HAL_Driver/Inc -IC:/Users/justn/STM32Cube/Repository/STM32Cube_FW_G4_V1.6.1/Drivers/STM32G4xx_HAL_Driver/Inc/Legacy -IC:/Users/justn/STM32Cube/Repository/STM32Cube_FW_G4_V1.6.1/Drivers/BSP/STM32G4xx_Nucleo -IC:/Users/justn/STM32Cube/Repository/STM32Cube_FW_G4_V1.6.1/Drivers/CMSIS/Device/ST/STM32G4xx/Include -IC:/Users/justn/STM32Cube/Repository/STM32Cube_FW_G4_V1.6.1/Drivers/CMSIS/Include -I../USB_Device/App -I../USB_Device/Target -IC:/Users/justn/STM32Cube/Repository/STM32Cube_FW_G4_V1.6.1/Middlewares/ST/STM32_USB_Device_Library/Core/Inc -IC:/Users/justn/STM32Cube/Repository/STM32Cube_FW_G4_V1.6.1/Middlewares/ST/STM32_USB_Device_Library/Class/CDC/Inc -O0 -ffunction-sections -fdata-sections -Wall -fstack-usage -fcyclomatic-complexity -MMD -MP -MF"Core/Src/main.d" -MT"Core/Src/main.o" --specs=nano.specs -mfpu=fpv4-sp-d16 -mfloat-abi=hard -mthumb -o "Core/Src/main.o"
arm-none-eabi-gcc "../Core/Src/syscalls.c" -mcpu=cortex-m4 -std=gnu11 -g3 -DDEBUG -DUSE_NUCLEO_64 -DUSE_HAL_DRIVER -DSTM32G491xx -c -I../Core/Inc -IC:/Users/justn/STM32Cube/Repository/STM32Cube_FW_G4_V1.6.1/Drivers/STM32G4xx_HAL_Driver/Inc -IC:/Users/justn/STM32Cube/Repository/STM32Cube_FW_G4_V1.6.1/Drivers/STM32G4xx_HAL_Driver/Inc/Legacy -IC:/Users/justn/STM32Cube/Repository/STM32Cube_FW_G4_V1.6.1/Drivers/BSP/STM32G4xx_Nucleo -IC:/Users/justn/STM32Cube/Repository/STM32Cube_FW_G4_V1.6.1/Drivers/CMSIS/Device/ST/STM32G4xx/Include -IC:/Users/justn/STM32Cube/Repository/STM32Cube_FW_G4_V1.6.1/Drivers/CMSIS/Include -I../USB_Device/App -I../USB_Device/Target -IC:/Users/justn/STM32Cube/Repository/STM32Cube_FW_G4_V1.6.1/Middlewares/ST/STM32_USB_Device_Library/Core/Inc -IC:/Users/justn/STM32Cube/Repository/STM32Cube_FW_G4_V1.6.1/Middlewares/ST/STM32_USB_Device_Library/Class/CDC/Inc -O0 -ffunction-sections -fdata-sections -Wall -fstack-usage -fcyclomatic-complexity -MMD -MP -MF"Core/Src/syscalls.d" -MT"Core/Src/syscalls.o" --specs=nano.specs -mfpu=fpv4-sp-d16 -mfloat-abi=hard -mthumb -o "Core/Src/syscalls.o"
arm-none-eabi-gcc -o "CAN_Watchdog.elf" @"objects.list"   -mcpu=cortex-m4 -T"C:\Users\justn\Desktop\Classes\Senior Fall\EC463\EC463_Nascimento_Justin\CAN_Watchdog\CAN_Watchdog\STM32G491RETX_FLASH.ld" --specs=nosys.specs -Wl,-Map="CAN_Watchdog.map" -Wl,--gc-sections -static --specs=nano.specs -mfpu=fpv4-sp-d16 -mfloat-abi=hard -mthumb -Wl,--start-group -lc -lm -Wl,--end-group
Finished building target: CAN_Watchdog.elf
 
arm-none-eabi-size  CAN_Watchdog.elf 
arm-none-eabi-objdump -h -S CAN_Watchdog.elf  > "CAN_Watchdog.list"
   text	   data	    bss	    dec	    hex	filename
  35120	    480	   8624	  44224	   acc0	CAN_Watchdog.elf
Finished building: default.size.stdout
 
Finished building: CAN_Watchdog.list
 
15:12:08 **** Incremental Build of configuration Debug for project CAN_Watchdog ****
make -j20 all 
arm-none-eabi-size  CAN_Watchdog.elf 
   text	   data	    bss	    dec	    hex	filename
  35120	    480	   8624	  44224	   acc0	CAN_Watchdog.elf
Finished building: default.size.stdout
 
15:14:03 **** Incremental Build of configuration Debug for project CAN_Watchdog ****
make -j20 all 
arm-none-eabi-size  CAN_Watchdog.elf 
   text	   data	    bss	    dec	    hex	filename
  35120	    480	   8624	  44224	   acc0	CAN_Watchdog.elf
Finished building: default.size.stdout
 
15:17:55 **** Incremental Build of configuration Debug for project CAN_Watchdog ****
make -j20 all 
arm-none-eabi-gcc "../Core/Src/main.c" -mcpu=cortex-m4 -std=gnu11 -g3 -DDEBUG -DUSE_NUCLEO_64 -DUSE_HAL_DRIVER -DSTM32G491xx -c -I../Core/Inc -IC:/Users/justn/STM32Cube/Repository/STM32Cube_FW_G4_V1.6.1/Drivers/STM32G4xx_HAL_Driver/Inc -IC:/Users/justn/STM32Cube/Repository/STM32Cube_FW_G4_V1.6.1/Drivers/STM32G4xx_HAL_Driver/Inc/Legacy -IC:/Users/justn/STM32Cube/Repository/STM32Cube_FW_G4_V1.6.1/Drivers/BSP/STM32G4xx_Nucleo -IC:/Users/justn/STM32Cube/Repository/STM32Cube_FW_G4_V1.6.1/Drivers/CMSIS/Device/ST/STM32G4xx/Include -IC:/Users/justn/STM32Cube/Repository/STM32Cube_FW_G4_V1.6.1/Drivers/CMSIS/Include -I../USB_Device/App -I../USB_Device/Target -IC:/Users/justn/STM32Cube/Repository/STM32Cube_FW_G4_V1.6.1/Middlewares/ST/STM32_USB_Device_Library/Core/Inc -IC:/Users/justn/STM32Cube/Repository/STM32Cube_FW_G4_V1.6.1/Middlewares/ST/STM32_USB_Device_Library/Class/CDC/Inc -O0 -ffunction-sections -fdata-sections -Wall -fstack-usage -fcyclomatic-complexity -MMD -MP -MF"Core/Src/main.d" -MT"Core/Src/main.o" --specs=nano.specs -mfpu=fpv4-sp-d16 -mfloat-abi=hard -mthumb -o "Core/Src/main.o"
arm-none-eabi-gcc -o "CAN_Watchdog.elf" @"objects.list"   -mcpu=cortex-m4 -T"C:\Users\justn\Desktop\Classes\Senior Fall\EC463\EC463_Nascimento_Justin\CAN_Watchdog\CAN_Watchdog\STM32G491RETX_FLASH.ld" --specs=nosys.specs -Wl,-Map="CAN_Watchdog.map" -Wl,--gc-sections -static --specs=nano.specs -mfpu=fpv4-sp-d16 -mfloat-abi=hard -mthumb -Wl,--start-group -lc -lm -Wl,--end-group
Finished building target: CAN_Watchdog.elf
 
arm-none-eabi-size  CAN_Watchdog.elf 
arm-none-eabi-objdump -h -S CAN_Watchdog.elf  > "CAN_Watchdog.list"
   text	   data	    bss	    dec	    hex	filename
  34992	    480	   8624	  44096	   ac40	CAN_Watchdog.elf
Finished building: default.size.stdout
 
Finished building: CAN_Watchdog.list
 
15:17:57 **** Incremental Build of configuration Debug for project Test ****
make -j20 all 
arm-none-eabi-gcc "../Core/Src/syscalls.c" -mcpu=cortex-m4 -std=gnu11 -g3 -DDEBUG -DUSE_HAL_DRIVER -DSTM32G491xx -c -I../Core/Inc -I../Drivers/STM32G4xx_HAL_Driver/Inc -I../Drivers/STM32G4xx_HAL_Driver/Inc/Legacy -I../Drivers/CMSIS/Device/ST/STM32G4xx/Include -I../Drivers/CMSIS/Include -I../USB_Device/App -I../USB_Device/Target -I../Middlewares/ST/STM32_USB_Device_Library/Core/Inc -I../Middlewares/ST/STM32_USB_Device_Library/Class/CDC/Inc -O0 -ffunction-sections -fdata-sections -Wall -fstack-usage -fcyclomatic-complexity -MMD -MP -MF"Core/Src/syscalls.d" -MT"Core/Src/syscalls.o" --specs=nano.specs -mfpu=fpv4-sp-d16 -mfloat-abi=hard -mthumb -o "Core/Src/syscalls.o"
arm-none-eabi-gcc -o "Test.elf" @"objects.list"   -mcpu=cortex-m4 -T"C:\Users\justn\Desktop\Classes\Senior Fall\EC463\EC463_Nascimento_Justin\CAN_Watchdog\Test\STM32G491RETX_FLASH.ld" --specs=nosys.specs -Wl,-Map="Test.map" -Wl,--gc-sections -static --specs=nano.specs -mfpu=fpv4-sp-d16 -mfloat-abi=hard -mthumb -Wl,--start-group -lc -lm -Wl,--end-group
Finished building target: Test.elf
 
arm-none-eabi-size  Test.elf 
arm-none-eabi-objdump -h -S Test.elf  > "Test.list"
   text	   data	    bss	    dec	    hex	filename
  32764	    480	   8512	  41756	   a31c	Test.elf
Finished building: default.size.stdout
 
Finished building: Test.list
 
15:18:02 **** Incremental Build of configuration Debug for project CAN_Watchdog ****
make -j20 all 
arm-none-eabi-size  CAN_Watchdog.elf 
   text	   data	    bss	    dec	    hex	filename
  34992	    480	   8624	  44096	   ac40	CAN_Watchdog.elf
Finished building: default.size.stdout
 
15:19:50 **** Incremental Build of configuration Debug for project CAN_Watchdog ****
make -j20 all 
arm-none-eabi-size  CAN_Watchdog.elf 
   text	   data	    bss	    dec	    hex	filename
  34992	    480	   8624	  44096	   ac40	CAN_Watchdog.elf
Finished building: default.size.stdout
 
15:21:48 **** Incremental Build of configuration Debug for project CAN_Watchdog ****
make -j20 all 
arm-none-eabi-size  CAN_Watchdog.elf 
   text	   data	    bss	    dec	    hex	filename
  34992	    480	   8624	  44096	   ac40	CAN_Watchdog.elf
Finished building: default.size.stdout
 
15:23:29 **** Incremental Build of configuration Debug for project CAN_Watchdog ****
make -j20 all 
arm-none-eabi-size  CAN_Watchdog.elf 
   text	   data	    bss	    dec	    hex	filename
  34992	    480	   8624	  44096	   ac40	CAN_Watchdog.elf
Finished building: default.size.stdout
 
15:23:58 **** Incremental Build of configuration Debug for project Test ****
make -j20 all 
arm-none-eabi-gcc "../Core/Src/main.c" -mcpu=cortex-m4 -std=gnu11 -g3 -DDEBUG -DUSE_HAL_DRIVER -DSTM32G491xx -c -I../Core/Inc -I../Drivers/STM32G4xx_HAL_Driver/Inc -I../Drivers/STM32G4xx_HAL_Driver/Inc/Legacy -I../Drivers/CMSIS/Device/ST/STM32G4xx/Include -I../Drivers/CMSIS/Include -I../USB_Device/App -I../USB_Device/Target -I../Middlewares/ST/STM32_USB_Device_Library/Core/Inc -I../Middlewares/ST/STM32_USB_Device_Library/Class/CDC/Inc -O0 -ffunction-sections -fdata-sections -Wall -fstack-usage -fcyclomatic-complexity -MMD -MP -MF"Core/Src/main.d" -MT"Core/Src/main.o" --specs=nano.specs -mfpu=fpv4-sp-d16 -mfloat-abi=hard -mthumb -o "Core/Src/main.o"
arm-none-eabi-gcc -o "Test.elf" @"objects.list"   -mcpu=cortex-m4 -T"C:\Users\justn\Desktop\Classes\Senior Fall\EC463\EC463_Nascimento_Justin\CAN_Watchdog\Test\STM32G491RETX_FLASH.ld" --specs=nosys.specs -Wl,-Map="Test.map" -Wl,--gc-sections -static --specs=nano.specs -mfpu=fpv4-sp-d16 -mfloat-abi=hard -mthumb -Wl,--start-group -lc -lm -Wl,--end-group
Finished building target: Test.elf
 
arm-none-eabi-size  Test.elf 
arm-none-eabi-objdump -h -S Test.elf  > "Test.list"
   text	   data	    bss	    dec	    hex	filename
  32608	    480	   8512	  41600	   a280	Test.elf
Finished building: default.size.stdout
 
Finished building: Test.list
 
15:24:26 **** Incremental Build of configuration Debug for project Test ****
make -j20 all 
arm-none-eabi-size  Test.elf 
   text	   data	    bss	    dec	    hex	filename
  32608	    480	   8512	  41600	   a280	Test.elf
Finished building: default.size.stdout
 
15:24:42 **** Incremental Build of configuration Debug for project CAN_Watchdog ****
make -j20 all 
arm-none-eabi-size  CAN_Watchdog.elf 
   text	   data	    bss	    dec	    hex	filename
  34992	    480	   8624	  44096	   ac40	CAN_Watchdog.elf
Finished building: default.size.stdout
 
15:24:43 **** Incremental Build of configuration Debug for project Test ****
make -j20 all 
arm-none-eabi-size  Test.elf 
   text	   data	    bss	    dec	    hex	filename
  32608	    480	   8512	  41600	   a280	Test.elf
Finished building: default.size.stdout
 
15:24:46 **** Incremental Build of configuration Debug for project Test ****
make -j20 all 
arm-none-eabi-size  Test.elf 
   text	   data	    bss	    dec	    hex	filename
  32608	    480	   8512	  41600	   a280	Test.elf
Finished building: default.size.stdout
 
15:27:22 **** Incremental Build of configuration Debug for project Test ****
make -j20 all 
arm-none-eabi-gcc "../Core/Src/main.c" -mcpu=cortex-m4 -std=gnu11 -g3 -DDEBUG -DUSE_HAL_DRIVER -DSTM32G491xx -c -I../Core/Inc -I../Drivers/STM32G4xx_HAL_Driver/Inc -I../Drivers/STM32G4xx_HAL_Driver/Inc/Legacy -I../Drivers/CMSIS/Device/ST/STM32G4xx/Include -I../Drivers/CMSIS/Include -I../USB_Device/App -I../USB_Device/Target -I../Middlewares/ST/STM32_USB_Device_Library/Core/Inc -I../Middlewares/ST/STM32_USB_Device_Library/Class/CDC/Inc -O0 -ffunction-sections -fdata-sections -Wall -fstack-usage -fcyclomatic-complexity -MMD -MP -MF"Core/Src/main.d" -MT"Core/Src/main.o" --specs=nano.specs -mfpu=fpv4-sp-d16 -mfloat-abi=hard -mthumb -o "Core/Src/main.o"
arm-none-eabi-gcc -o "Test.elf" @"objects.list"   -mcpu=cortex-m4 -T"C:\Users\justn\Desktop\Classes\Senior Fall\EC463\EC463_Nascimento_Justin\CAN_Watchdog\Test\STM32G491RETX_FLASH.ld" --specs=nosys.specs -Wl,-Map="Test.map" -Wl,--gc-sections -static --specs=nano.specs -mfpu=fpv4-sp-d16 -mfloat-abi=hard -mthumb -Wl,--start-group -lc -lm -Wl,--end-group
Finished building target: Test.elf
 
arm-none-eabi-size  Test.elf 
arm-none-eabi-objdump -h -S Test.elf  > "Test.list"
   text	   data	    bss	    dec	    hex	filename
  25780	    104	   2640	  28524	   6f6c	Test.elf
Finished building: default.size.stdout
 
Finished building: Test.list
 
15:30:07 **** Incremental Build of configuration Debug for project Test ****
make -j20 all 
arm-none-eabi-size  Test.elf 
   text	   data	    bss	    dec	    hex	filename
  25780	    104	   2640	  28524	   6f6c	Test.elf
Finished building: default.size.stdout
 
15:33:42 **** Incremental Build of configuration Debug for project Test ****
make -j20 all 
arm-none-eabi-size  Test.elf 
   text	   data	    bss	    dec	    hex	filename
  25780	    104	   2640	  28524	   6f6c	Test.elf
Finished building: default.size.stdout
 
15:36:38 **** Incremental Build of configuration Debug for project CAN_Watchdog ****
make -j20 all 
arm-none-eabi-size  CAN_Watchdog.elf 
   text	   data	    bss	    dec	    hex	filename
  34992	    480	   8624	  44096	   ac40	CAN_Watchdog.elf
Finished building: default.size.stdout
 
15:36:38 **** Incremental Build of configuration Debug for project Test ****
make -j20 all 
arm-none-eabi-gcc "../Core/Src/main.c" -mcpu=cortex-m4 -std=gnu11 -g3 -DDEBUG -DUSE_HAL_DRIVER -DSTM32G491xx -c -I../Core/Inc -I../Drivers/STM32G4xx_HAL_Driver/Inc -I../Drivers/STM32G4xx_HAL_Driver/Inc/Legacy -I../Drivers/CMSIS/Device/ST/STM32G4xx/Include -I../Drivers/CMSIS/Include -I../USB_Device/App -I../USB_Device/Target -I../Middlewares/ST/STM32_USB_Device_Library/Core/Inc -I../Middlewares/ST/STM32_USB_Device_Library/Class/CDC/Inc -O0 -ffunction-sections -fdata-sections -Wall -fstack-usage -fcyclomatic-complexity -MMD -MP -MF"Core/Src/main.d" -MT"Core/Src/main.o" --specs=nano.specs -mfpu=fpv4-sp-d16 -mfloat-abi=hard -mthumb -o "Core/Src/main.o"
arm-none-eabi-gcc -o "Test.elf" @"objects.list"   -mcpu=cortex-m4 -T"C:\Users\justn\Desktop\Classes\Senior Fall\EC463\EC463_Nascimento_Justin\CAN_Watchdog\Test\STM32G491RETX_FLASH.ld" --specs=nosys.specs -Wl,-Map="Test.map" -Wl,--gc-sections -static --specs=nano.specs -mfpu=fpv4-sp-d16 -mfloat-abi=hard -mthumb -Wl,--start-group -lc -lm -Wl,--end-group
Finished building target: Test.elf
 
arm-none-eabi-size  Test.elf 
arm-none-eabi-objdump -h -S Test.elf  > "Test.list"
   text	   data	    bss	    dec	    hex	filename
  25884	    104	   2640	  28628	   6fd4	Test.elf
Finished building: default.size.stdout
 
Finished building: Test.list
 
15:36:43 **** Incremental Build of configuration Debug for project Test ****
make -j20 all 
arm-none-eabi-size  Test.elf 
   text	   data	    bss	    dec	    hex	filename
  25884	    104	   2640	  28628	   6fd4	Test.elf
Finished building: default.size.stdout
 
15:40:51 **** Incremental Build of configuration Debug for project Test ****
make -j20 all 
arm-none-eabi-gcc "../Core/Src/main.c" -mcpu=cortex-m4 -std=gnu11 -g3 -DDEBUG -DUSE_HAL_DRIVER -DSTM32G491xx -c -I../Core/Inc -I../Drivers/STM32G4xx_HAL_Driver/Inc -I../Drivers/STM32G4xx_HAL_Driver/Inc/Legacy -I../Drivers/CMSIS/Device/ST/STM32G4xx/Include -I../Drivers/CMSIS/Include -I../USB_Device/App -I../USB_Device/Target -I../Middlewares/ST/STM32_USB_Device_Library/Core/Inc -I../Middlewares/ST/STM32_USB_Device_Library/Class/CDC/Inc -O0 -ffunction-sections -fdata-sections -Wall -fstack-usage -fcyclomatic-complexity -MMD -MP -MF"Core/Src/main.d" -MT"Core/Src/main.o" --specs=nano.specs -mfpu=fpv4-sp-d16 -mfloat-abi=hard -mthumb -o "Core/Src/main.o"
arm-none-eabi-gcc -o "Test.elf" @"objects.list"   -mcpu=cortex-m4 -T"C:\Users\justn\Desktop\Classes\Senior Fall\EC463\EC463_Nascimento_Justin\CAN_Watchdog\Test\STM32G491RETX_FLASH.ld" --specs=nosys.specs -Wl,-Map="Test.map" -Wl,--gc-sections -static --specs=nano.specs -mfpu=fpv4-sp-d16 -mfloat-abi=hard -mthumb -Wl,--start-group -lc -lm -Wl,--end-group
Finished building target: Test.elf
 
arm-none-eabi-size  Test.elf 
arm-none-eabi-objdump -h -S Test.elf  > "Test.list"
   text	   data	    bss	    dec	    hex	filename
  25936	    104	   2640	  28680	   7008	Test.elf
Finished building: default.size.stdout
 
Finished building: Test.list
 
15:44:20 **** Incremental Build of configuration Debug for project CAN_Watchdog ****
make -j20 all 
arm-none-eabi-size  CAN_Watchdog.elf 
   text	   data	    bss	    dec	    hex	filename
  34992	    480	   8624	  44096	   ac40	CAN_Watchdog.elf
Finished building: default.size.stdout
 
15:44:21 **** Incremental Build of configuration Debug for project Test ****
make -j20 all 
arm-none-eabi-gcc "../Core/Src/syscalls.c" -mcpu=cortex-m4 -std=gnu11 -g3 -DDEBUG -DUSE_HAL_DRIVER -DSTM32G491xx -c -I../Core/Inc -I../Drivers/STM32G4xx_HAL_Driver/Inc -I../Drivers/STM32G4xx_HAL_Driver/Inc/Legacy -I../Drivers/CMSIS/Device/ST/STM32G4xx/Include -I../Drivers/CMSIS/Include -I../USB_Device/App -I../USB_Device/Target -I../Middlewares/ST/STM32_USB_Device_Library/Core/Inc -I../Middlewares/ST/STM32_USB_Device_Library/Class/CDC/Inc -O0 -ffunction-sections -fdata-sections -Wall -fstack-usage -fcyclomatic-complexity -MMD -MP -MF"Core/Src/syscalls.d" -MT"Core/Src/syscalls.o" --specs=nano.specs -mfpu=fpv4-sp-d16 -mfloat-abi=hard -mthumb -o "Core/Src/syscalls.o"
../Core/Src/syscalls.c:42:6: error: conflicting types for 'ITM_SendChar'; have 'void(uint8_t)' {aka 'void(unsigned char)'}
   42 | void ITM_SendChar(uint8_t ch)
      |      ^~~~~~~~~~~~
In file included from ../Drivers/CMSIS/Device/ST/STM32G4xx/Include/stm32g491xx.h:167,
                 from ../Drivers/CMSIS/Device/ST/STM32G4xx/Include/stm32g4xx.h:125,
                 from ../Core/Src/syscalls.c:32:
../Drivers/CMSIS/Include/core_cm4.h:2059:26: note: previous definition of 'ITM_SendChar' with type 'uint32_t(uint32_t)' {aka 'long unsigned int(long unsigned int)'}
 2059 | __STATIC_INLINE uint32_t ITM_SendChar (uint32_t ch)
      |                          ^~~~~~~~~~~~
../Core/Src/syscalls.c: In function 'ITM_SendChar':
../Core/Src/syscalls.c:38:31: error: expected identifier before '*' token
   38 | #define DEMCR                 *((volatile uint32_t*) 0xE000EDFCU)
      |                               ^
../Core/Src/syscalls.c:45:21: note: in expansion of macro 'DEMCR'
   45 |     if ((CoreDebug->DEMCR & CoreDebug_DEMCR_TRCENA_Msk) == 0) return;
      |                     ^~~~~
make: *** [Core/Src/subdir.mk:34: Core/Src/syscalls.o] Error 1
"make -j20 all" terminated with exit code 2. Build might be incomplete.
15:44:36 **** Incremental Build of configuration Debug for project CAN_Watchdog ****
make -j20 all 
arm-none-eabi-size  CAN_Watchdog.elf 
   text	   data	    bss	    dec	    hex	filename
  34992	    480	   8624	  44096	   ac40	CAN_Watchdog.elf
Finished building: default.size.stdout
 
15:44:37 **** Incremental Build of configuration Debug for project Test ****
make -j20 all 
arm-none-eabi-gcc "../Core/Src/syscalls.c" -mcpu=cortex-m4 -std=gnu11 -g3 -DDEBUG -DUSE_HAL_DRIVER -DSTM32G491xx -c -I../Core/Inc -I../Drivers/STM32G4xx_HAL_Driver/Inc -I../Drivers/STM32G4xx_HAL_Driver/Inc/Legacy -I../Drivers/CMSIS/Device/ST/STM32G4xx/Include -I../Drivers/CMSIS/Include -I../USB_Device/App -I../USB_Device/Target -I../Middlewares/ST/STM32_USB_Device_Library/Core/Inc -I../Middlewares/ST/STM32_USB_Device_Library/Class/CDC/Inc -O0 -ffunction-sections -fdata-sections -Wall -fstack-usage -fcyclomatic-complexity -MMD -MP -MF"Core/Src/syscalls.d" -MT"Core/Src/syscalls.o" --specs=nano.specs -mfpu=fpv4-sp-d16 -mfloat-abi=hard -mthumb -o "Core/Src/syscalls.o"
../Core/Src/syscalls.c:39:6: error: conflicting types for 'ITM_SendChar'; have 'void(uint8_t)' {aka 'void(unsigned char)'}
   39 | void ITM_SendChar(uint8_t ch)
      |      ^~~~~~~~~~~~
In file included from ../Drivers/CMSIS/Device/ST/STM32G4xx/Include/stm32g491xx.h:167,
                 from ../Drivers/CMSIS/Device/ST/STM32G4xx/Include/stm32g4xx.h:125,
                 from ../Core/Src/syscalls.c:32:
../Drivers/CMSIS/Include/core_cm4.h:2059:26: note: previous definition of 'ITM_SendChar' with type 'uint32_t(uint32_t)' {aka 'long unsigned int(long unsigned int)'}
 2059 | __STATIC_INLINE uint32_t ITM_SendChar (uint32_t ch)
      |                          ^~~~~~~~~~~~
make: *** [Core/Src/subdir.mk:34: Core/Src/syscalls.o] Error 1
"make -j20 all" terminated with exit code 2. Build might be incomplete.
15:45:45 **** Incremental Build of configuration Debug for project CAN_Watchdog ****
make -j20 all 
arm-none-eabi-size  CAN_Watchdog.elf 
   text	   data	    bss	    dec	    hex	filename
  34992	    480	   8624	  44096	   ac40	CAN_Watchdog.elf
Finished building: default.size.stdout
 
15:45:46 **** Incremental Build of configuration Debug for project Test ****
make -j20 all 
arm-none-eabi-gcc "../Core/Src/syscalls.c" -mcpu=cortex-m4 -std=gnu11 -g3 -DDEBUG -DUSE_HAL_DRIVER -DSTM32G491xx -c -I../Core/Inc -I../Drivers/STM32G4xx_HAL_Driver/Inc -I../Drivers/STM32G4xx_HAL_Driver/Inc/Legacy -I../Drivers/CMSIS/Device/ST/STM32G4xx/Include -I../Drivers/CMSIS/Include -I../USB_Device/App -I../USB_Device/Target -I../Middlewares/ST/STM32_USB_Device_Library/Core/Inc -I../Middlewares/ST/STM32_USB_Device_Library/Class/CDC/Inc -O0 -ffunction-sections -fdata-sections -Wall -fstack-usage -fcyclomatic-complexity -MMD -MP -MF"Core/Src/syscalls.d" -MT"Core/Src/syscalls.o" --specs=nano.specs -mfpu=fpv4-sp-d16 -mfloat-abi=hard -mthumb -o "Core/Src/syscalls.o"
arm-none-eabi-gcc -o "Test.elf" @"objects.list"   -mcpu=cortex-m4 -T"C:\Users\justn\Desktop\Classes\Senior Fall\EC463\EC463_Nascimento_Justin\CAN_Watchdog\Test\STM32G491RETX_FLASH.ld" --specs=nosys.specs -Wl,-Map="Test.map" -Wl,--gc-sections -static --specs=nano.specs -mfpu=fpv4-sp-d16 -mfloat-abi=hard -mthumb -Wl,--start-group -lc -lm -Wl,--end-group
Finished building target: Test.elf
 
arm-none-eabi-size  Test.elf 
arm-none-eabi-objdump -h -S Test.elf  > "Test.list"
   text	   data	    bss	    dec	    hex	filename
  25992	    104	   2640	  28736	   7040	Test.elf
Finished building: default.size.stdout
 
Finished building: Test.list
 
15:45:50 **** Incremental Build of configuration Debug for project Test ****
make -j20 all 
arm-none-eabi-size  Test.elf 
   text	   data	    bss	    dec	    hex	filename
  25992	    104	   2640	  28736	   7040	Test.elf
Finished building: default.size.stdout
 
15:47:32 **** Incremental Build of configuration Debug for project Test ****
make -j20 all 
arm-none-eabi-size  Test.elf 
   text	   data	    bss	    dec	    hex	filename
  25992	    104	   2640	  28736	   7040	Test.elf
Finished building: default.size.stdout
 
15:48:49 **** Incremental Build of configuration Debug for project Test ****
make -j20 all 
arm-none-eabi-size  Test.elf 
   text	   data	    bss	    dec	    hex	filename
  25992	    104	   2640	  28736	   7040	Test.elf
Finished building: default.size.stdout
 
15:54:23 **** Incremental Build of configuration Debug for project Test ****
make -j20 all 
arm-none-eabi-size  Test.elf 
   text	   data	    bss	    dec	    hex	filename
  25992	    104	   2640	  28736	   7040	Test.elf
Finished building: default.size.stdout
 
15:55:04 **** Incremental Build of configuration Debug for project CAN_Watchdog ****
make -j20 all 
arm-none-eabi-gcc "../Core/Src/main.c" -mcpu=cortex-m4 -std=gnu11 -g3 -DDEBUG -DUSE_NUCLEO_64 -DUSE_HAL_DRIVER -DSTM32G491xx -c -I../Core/Inc -IC:/Users/justn/STM32Cube/Repository/STM32Cube_FW_G4_V1.6.1/Drivers/STM32G4xx_HAL_Driver/Inc -IC:/Users/justn/STM32Cube/Repository/STM32Cube_FW_G4_V1.6.1/Drivers/STM32G4xx_HAL_Driver/Inc/Legacy -IC:/Users/justn/STM32Cube/Repository/STM32Cube_FW_G4_V1.6.1/Drivers/BSP/STM32G4xx_Nucleo -IC:/Users/justn/STM32Cube/Repository/STM32Cube_FW_G4_V1.6.1/Drivers/CMSIS/Device/ST/STM32G4xx/Include -IC:/Users/justn/STM32Cube/Repository/STM32Cube_FW_G4_V1.6.1/Drivers/CMSIS/Include -I../USB_Device/App -I../USB_Device/Target -IC:/Users/justn/STM32Cube/Repository/STM32Cube_FW_G4_V1.6.1/Middlewares/ST/STM32_USB_Device_Library/Core/Inc -IC:/Users/justn/STM32Cube/Repository/STM32Cube_FW_G4_V1.6.1/Middlewares/ST/STM32_USB_Device_Library/Class/CDC/Inc -O0 -ffunction-sections -fdata-sections -Wall -fstack-usage -fcyclomatic-complexity -MMD -MP -MF"Core/Src/main.d" -MT"Core/Src/main.o" --specs=nano.specs -mfpu=fpv4-sp-d16 -mfloat-abi=hard -mthumb -o "Core/Src/main.o"
arm-none-eabi-gcc "../Core/Src/syscalls.c" -mcpu=cortex-m4 -std=gnu11 -g3 -DDEBUG -DUSE_NUCLEO_64 -DUSE_HAL_DRIVER -DSTM32G491xx -c -I../Core/Inc -IC:/Users/justn/STM32Cube/Repository/STM32Cube_FW_G4_V1.6.1/Drivers/STM32G4xx_HAL_Driver/Inc -IC:/Users/justn/STM32Cube/Repository/STM32Cube_FW_G4_V1.6.1/Drivers/STM32G4xx_HAL_Driver/Inc/Legacy -IC:/Users/justn/STM32Cube/Repository/STM32Cube_FW_G4_V1.6.1/Drivers/BSP/STM32G4xx_Nucleo -IC:/Users/justn/STM32Cube/Repository/STM32Cube_FW_G4_V1.6.1/Drivers/CMSIS/Device/ST/STM32G4xx/Include -IC:/Users/justn/STM32Cube/Repository/STM32Cube_FW_G4_V1.6.1/Drivers/CMSIS/Include -I../USB_Device/App -I../USB_Device/Target -IC:/Users/justn/STM32Cube/Repository/STM32Cube_FW_G4_V1.6.1/Middlewares/ST/STM32_USB_Device_Library/Core/Inc -IC:/Users/justn/STM32Cube/Repository/STM32Cube_FW_G4_V1.6.1/Middlewares/ST/STM32_USB_Device_Library/Class/CDC/Inc -O0 -ffunction-sections -fdata-sections -Wall -fstack-usage -fcyclomatic-complexity -MMD -MP -MF"Core/Src/syscalls.d" -MT"Core/Src/syscalls.o" --specs=nano.specs -mfpu=fpv4-sp-d16 -mfloat-abi=hard -mthumb -o "Core/Src/syscalls.o"
arm-none-eabi-gcc -o "CAN_Watchdog.elf" @"objects.list"   -mcpu=cortex-m4 -T"C:\Users\justn\Desktop\Classes\Senior Fall\EC463\EC463_Nascimento_Justin\CAN_Watchdog\CAN_Watchdog\STM32G491RETX_FLASH.ld" --specs=nosys.specs -Wl,-Map="CAN_Watchdog.map" -Wl,--gc-sections -static --specs=nano.specs -mfpu=fpv4-sp-d16 -mfloat-abi=hard -mthumb -Wl,--start-group -lc -lm -Wl,--end-group
Finished building target: CAN_Watchdog.elf
 
arm-none-eabi-size  CAN_Watchdog.elf 
arm-none-eabi-objdump -h -S CAN_Watchdog.elf  > "CAN_Watchdog.list"
   text	   data	    bss	    dec	    hex	filename
  29420	    104	   2752	  32276	   7e14	CAN_Watchdog.elf
Finished building: default.size.stdout
 
Finished building: CAN_Watchdog.list
 
15:55:05 **** Incremental Build of configuration Debug for project Test ****
make -j20 all 
arm-none-eabi-size  Test.elf 
   text	   data	    bss	    dec	    hex	filename
  25992	    104	   2640	  28736	   7040	Test.elf
Finished building: default.size.stdout
 
15:55:19 **** Incremental Build of configuration Debug for project Test ****
make -j20 all 
arm-none-eabi-size  Test.elf 
   text	   data	    bss	    dec	    hex	filename
  25992	    104	   2640	  28736	   7040	Test.elf
Finished building: default.size.stdout
 
15:55:57 **** Incremental Build of configuration Debug for project CAN_Watchdog ****
make -j20 all 
arm-none-eabi-gcc "../Core/Src/main.c" -mcpu=cortex-m4 -std=gnu11 -g3 -DDEBUG -DUSE_NUCLEO_64 -DUSE_HAL_DRIVER -DSTM32G491xx -c -I../Core/Inc -IC:/Users/justn/STM32Cube/Repository/STM32Cube_FW_G4_V1.6.1/Drivers/STM32G4xx_HAL_Driver/Inc -IC:/Users/justn/STM32Cube/Repository/STM32Cube_FW_G4_V1.6.1/Drivers/STM32G4xx_HAL_Driver/Inc/Legacy -IC:/Users/justn/STM32Cube/Repository/STM32Cube_FW_G4_V1.6.1/Drivers/BSP/STM32G4xx_Nucleo -IC:/Users/justn/STM32Cube/Repository/STM32Cube_FW_G4_V1.6.1/Drivers/CMSIS/Device/ST/STM32G4xx/Include -IC:/Users/justn/STM32Cube/Repository/STM32Cube_FW_G4_V1.6.1/Drivers/CMSIS/Include -I../USB_Device/App -I../USB_Device/Target -IC:/Users/justn/STM32Cube/Repository/STM32Cube_FW_G4_V1.6.1/Middlewares/ST/STM32_USB_Device_Library/Core/Inc -IC:/Users/justn/STM32Cube/Repository/STM32Cube_FW_G4_V1.6.1/Middlewares/ST/STM32_USB_Device_Library/Class/CDC/Inc -O0 -ffunction-sections -fdata-sections -Wall -fstack-usage -fcyclomatic-complexity -MMD -MP -MF"Core/Src/main.d" -MT"Core/Src/main.o" --specs=nano.specs -mfpu=fpv4-sp-d16 -mfloat-abi=hard -mthumb -o "Core/Src/main.o"
arm-none-eabi-gcc -o "CAN_Watchdog.elf" @"objects.list"   -mcpu=cortex-m4 -T"C:\Users\justn\Desktop\Classes\Senior Fall\EC463\EC463_Nascimento_Justin\CAN_Watchdog\CAN_Watchdog\STM32G491RETX_FLASH.ld" --specs=nosys.specs -Wl,-Map="CAN_Watchdog.map" -Wl,--gc-sections -static --specs=nano.specs -mfpu=fpv4-sp-d16 -mfloat-abi=hard -mthumb -Wl,--start-group -lc -lm -Wl,--end-group
Finished building target: CAN_Watchdog.elf
 
arm-none-eabi-size  CAN_Watchdog.elf 
arm-none-eabi-objdump -h -S CAN_Watchdog.elf  > "CAN_Watchdog.list"
   text	   data	    bss	    dec	    hex	filename
  29420	    104	   2752	  32276	   7e14	CAN_Watchdog.elf
Finished building: default.size.stdout
 
Finished building: CAN_Watchdog.list
 
15:55:59 **** Incremental Build of configuration Debug for project Test ****
make -j20 all 
arm-none-eabi-size  Test.elf 
   text	   data	    bss	    dec	    hex	filename
  25992	    104	   2640	  28736	   7040	Test.elf
Finished building: default.size.stdout
 
15:56:11 **** Incremental Build of configuration Debug for project Test ****
make -j20 all 
arm-none-eabi-size  Test.elf 
   text	   data	    bss	    dec	    hex	filename
  25992	    104	   2640	  28736	   7040	Test.elf
Finished building: default.size.stdout
 
15:56:25 **** Incremental Build of configuration Debug for project CAN_Watchdog ****
make -j20 all 
arm-none-eabi-size  CAN_Watchdog.elf 
   text	   data	    bss	    dec	    hex	filename
  29420	    104	   2752	  32276	   7e14	CAN_Watchdog.elf
Finished building: default.size.stdout
 
15:57:29 **** Incremental Build of configuration Debug for project CAN_Watchdog ****
make -j20 all 
arm-none-eabi-gcc "../Core/Src/main.c" -mcpu=cortex-m4 -std=gnu11 -g3 -DDEBUG -DUSE_NUCLEO_64 -DUSE_HAL_DRIVER -DSTM32G491xx -c -I../Core/Inc -IC:/Users/justn/STM32Cube/Repository/STM32Cube_FW_G4_V1.6.1/Drivers/STM32G4xx_HAL_Driver/Inc -IC:/Users/justn/STM32Cube/Repository/STM32Cube_FW_G4_V1.6.1/Drivers/STM32G4xx_HAL_Driver/Inc/Legacy -IC:/Users/justn/STM32Cube/Repository/STM32Cube_FW_G4_V1.6.1/Drivers/BSP/STM32G4xx_Nucleo -IC:/Users/justn/STM32Cube/Repository/STM32Cube_FW_G4_V1.6.1/Drivers/CMSIS/Device/ST/STM32G4xx/Include -IC:/Users/justn/STM32Cube/Repository/STM32Cube_FW_G4_V1.6.1/Drivers/CMSIS/Include -I../USB_Device/App -I../USB_Device/Target -IC:/Users/justn/STM32Cube/Repository/STM32Cube_FW_G4_V1.6.1/Middlewares/ST/STM32_USB_Device_Library/Core/Inc -IC:/Users/justn/STM32Cube/Repository/STM32Cube_FW_G4_V1.6.1/Middlewares/ST/STM32_USB_Device_Library/Class/CDC/Inc -O0 -ffunction-sections -fdata-sections -Wall -fstack-usage -fcyclomatic-complexity -MMD -MP -MF"Core/Src/main.d" -MT"Core/Src/main.o" --specs=nano.specs -mfpu=fpv4-sp-d16 -mfloat-abi=hard -mthumb -o "Core/Src/main.o"
arm-none-eabi-gcc -o "CAN_Watchdog.elf" @"objects.list"   -mcpu=cortex-m4 -T"C:\Users\justn\Desktop\Classes\Senior Fall\EC463\EC463_Nascimento_Justin\CAN_Watchdog\CAN_Watchdog\STM32G491RETX_FLASH.ld" --specs=nosys.specs -Wl,-Map="CAN_Watchdog.map" -Wl,--gc-sections -static --specs=nano.specs -mfpu=fpv4-sp-d16 -mfloat-abi=hard -mthumb -Wl,--start-group -lc -lm -Wl,--end-group
Finished building target: CAN_Watchdog.elf
 
arm-none-eabi-size  CAN_Watchdog.elf 
arm-none-eabi-objdump -h -S CAN_Watchdog.elf  > "CAN_Watchdog.list"
   text	   data	    bss	    dec	    hex	filename
  29404	    104	   2752	  32260	   7e04	CAN_Watchdog.elf
Finished building: default.size.stdout
 
Finished building: CAN_Watchdog.list
 
16:23:43 **** Incremental Build of configuration Debug for project CAN_Watchdog ****
make -j20 all 
arm-none-eabi-gcc "../Core/Src/main.c" -mcpu=cortex-m4 -std=gnu11 -g3 -DDEBUG -DUSE_NUCLEO_64 -DUSE_HAL_DRIVER -DSTM32G491xx -c -I../Core/Inc -IC:/Users/justn/STM32Cube/Repository/STM32Cube_FW_G4_V1.6.1/Drivers/STM32G4xx_HAL_Driver/Inc -IC:/Users/justn/STM32Cube/Repository/STM32Cube_FW_G4_V1.6.1/Drivers/STM32G4xx_HAL_Driver/Inc/Legacy -IC:/Users/justn/STM32Cube/Repository/STM32Cube_FW_G4_V1.6.1/Drivers/BSP/STM32G4xx_Nucleo -IC:/Users/justn/STM32Cube/Repository/STM32Cube_FW_G4_V1.6.1/Drivers/CMSIS/Device/ST/STM32G4xx/Include -IC:/Users/justn/STM32Cube/Repository/STM32Cube_FW_G4_V1.6.1/Drivers/CMSIS/Include -I../USB_Device/App -I../USB_Device/Target -IC:/Users/justn/STM32Cube/Repository/STM32Cube_FW_G4_V1.6.1/Middlewares/ST/STM32_USB_Device_Library/Core/Inc -IC:/Users/justn/STM32Cube/Repository/STM32Cube_FW_G4_V1.6.1/Middlewares/ST/STM32_USB_Device_Library/Class/CDC/Inc -O0 -ffunction-sections -fdata-sections -Wall -fstack-usage -fcyclomatic-complexity -MMD -MP -MF"Core/Src/main.d" -MT"Core/Src/main.o" --specs=nano.specs -mfpu=fpv4-sp-d16 -mfloat-abi=hard -mthumb -o "Core/Src/main.o"
arm-none-eabi-gcc -o "CAN_Watchdog.elf" @"objects.list"   -mcpu=cortex-m4 -T"C:\Users\justn\Desktop\Classes\Senior Fall\EC463\EC463_Nascimento_Justin\CAN_Watchdog\CAN_Watchdog\STM32G491RETX_FLASH.ld" --specs=nosys.specs -Wl,-Map="CAN_Watchdog.map" -Wl,--gc-sections -static --specs=nano.specs -mfpu=fpv4-sp-d16 -mfloat-abi=hard -mthumb -Wl,--start-group -lc -lm -Wl,--end-group
Finished building target: CAN_Watchdog.elf
 
arm-none-eabi-size  CAN_Watchdog.elf 
arm-none-eabi-objdump -h -S CAN_Watchdog.elf  > "CAN_Watchdog.list"
   text	   data	    bss	    dec	    hex	filename
  29404	    104	   2752	  32260	   7e04	CAN_Watchdog.elf
Finished building: default.size.stdout
 
Finished building: CAN_Watchdog.list
 
16:35:52 **** Incremental Build of configuration Debug for project CAN_Watchdog ****
make -j20 all 
arm-none-eabi-size  CAN_Watchdog.elf 
   text	   data	    bss	    dec	    hex	filename
  29404	    104	   2752	  32260	   7e04	CAN_Watchdog.elf
Finished building: default.size.stdout
 
16:36:15 **** Incremental Build of configuration Debug for project CAN_Watchdog ****
make -j20 all 
arm-none-eabi-size  CAN_Watchdog.elf 
   text	   data	    bss	    dec	    hex	filename
  29404	    104	   2752	  32260	   7e04	CAN_Watchdog.elf
Finished building: default.size.stdout
 
16:39:12 **** Incremental Build of configuration Debug for project CAN_Watchdog ****
make -j20 all 
arm-none-eabi-gcc "../Core/Src/main.c" -mcpu=cortex-m4 -std=gnu11 -g3 -DDEBUG -DUSE_NUCLEO_64 -DUSE_HAL_DRIVER -DSTM32G491xx -c -I../Core/Inc -IC:/Users/justn/STM32Cube/Repository/STM32Cube_FW_G4_V1.6.1/Drivers/STM32G4xx_HAL_Driver/Inc -IC:/Users/justn/STM32Cube/Repository/STM32Cube_FW_G4_V1.6.1/Drivers/STM32G4xx_HAL_Driver/Inc/Legacy -IC:/Users/justn/STM32Cube/Repository/STM32Cube_FW_G4_V1.6.1/Drivers/BSP/STM32G4xx_Nucleo -IC:/Users/justn/STM32Cube/Repository/STM32Cube_FW_G4_V1.6.1/Drivers/CMSIS/Device/ST/STM32G4xx/Include -IC:/Users/justn/STM32Cube/Repository/STM32Cube_FW_G4_V1.6.1/Drivers/CMSIS/Include -I../USB_Device/App -I../USB_Device/Target -IC:/Users/justn/STM32Cube/Repository/STM32Cube_FW_G4_V1.6.1/Middlewares/ST/STM32_USB_Device_Library/Core/Inc -IC:/Users/justn/STM32Cube/Repository/STM32Cube_FW_G4_V1.6.1/Middlewares/ST/STM32_USB_Device_Library/Class/CDC/Inc -O0 -ffunction-sections -fdata-sections -Wall -fstack-usage -fcyclomatic-complexity -MMD -MP -MF"Core/Src/main.d" -MT"Core/Src/main.o" --specs=nano.specs -mfpu=fpv4-sp-d16 -mfloat-abi=hard -mthumb -o "Core/Src/main.o"
../Core/Src/main.c: In function 'main':
../Core/Src/main.c:138:23: error: redeclaration of 'sFilterConfig' with no linkage
  138 |   FDCAN_FilterTypeDef sFilterConfig;
      |                       ^~~~~~~~~~~~~
../Core/Src/main.c:105:23: note: previous declaration of 'sFilterConfig' with type 'FDCAN_FilterTypeDef'
  105 |   FDCAN_FilterTypeDef sFilterConfig;
      |                       ^~~~~~~~~~~~~
make: *** [Core/Src/subdir.mk:40: Core/Src/main.o] Error 1
"make -j20 all" terminated with exit code 2. Build might be incomplete.
16:40:37 **** Incremental Build of configuration Debug for project CAN_Watchdog ****
make -j20 all 
arm-none-eabi-gcc "../Core/Src/main.c" -mcpu=cortex-m4 -std=gnu11 -g3 -DDEBUG -DUSE_NUCLEO_64 -DUSE_HAL_DRIVER -DSTM32G491xx -c -I../Core/Inc -IC:/Users/justn/STM32Cube/Repository/STM32Cube_FW_G4_V1.6.1/Drivers/STM32G4xx_HAL_Driver/Inc -IC:/Users/justn/STM32Cube/Repository/STM32Cube_FW_G4_V1.6.1/Drivers/STM32G4xx_HAL_Driver/Inc/Legacy -IC:/Users/justn/STM32Cube/Repository/STM32Cube_FW_G4_V1.6.1/Drivers/BSP/STM32G4xx_Nucleo -IC:/Users/justn/STM32Cube/Repository/STM32Cube_FW_G4_V1.6.1/Drivers/CMSIS/Device/ST/STM32G4xx/Include -IC:/Users/justn/STM32Cube/Repository/STM32Cube_FW_G4_V1.6.1/Drivers/CMSIS/Include -I../USB_Device/App -I../USB_Device/Target -IC:/Users/justn/STM32Cube/Repository/STM32Cube_FW_G4_V1.6.1/Middlewares/ST/STM32_USB_Device_Library/Core/Inc -IC:/Users/justn/STM32Cube/Repository/STM32Cube_FW_G4_V1.6.1/Middlewares/ST/STM32_USB_Device_Library/Class/CDC/Inc -O0 -ffunction-sections -fdata-sections -Wall -fstack-usage -fcyclomatic-complexity -MMD -MP -MF"Core/Src/main.d" -MT"Core/Src/main.o" --specs=nano.specs -mfpu=fpv4-sp-d16 -mfloat-abi=hard -mthumb -o "Core/Src/main.o"
arm-none-eabi-gcc -o "CAN_Watchdog.elf" @"objects.list"   -mcpu=cortex-m4 -T"C:\Users\justn\Desktop\Classes\Senior Fall\EC463\EC463_Nascimento_Justin\CAN_Watchdog\CAN_Watchdog\STM32G491RETX_FLASH.ld" --specs=nosys.specs -Wl,-Map="CAN_Watchdog.map" -Wl,--gc-sections -static --specs=nano.specs -mfpu=fpv4-sp-d16 -mfloat-abi=hard -mthumb -Wl,--start-group -lc -lm -Wl,--end-group
Finished building target: CAN_Watchdog.elf
 
arm-none-eabi-size  CAN_Watchdog.elf 
arm-none-eabi-objdump -h -S CAN_Watchdog.elf  > "CAN_Watchdog.list"
   text	   data	    bss	    dec	    hex	filename
  29532	    104	   2752	  32388	   7e84	CAN_Watchdog.elf
Finished building: default.size.stdout
 
Finished building: CAN_Watchdog.list
 
16:40:39 **** Incremental Build of configuration Debug for project Test ****
make -j20 all 
arm-none-eabi-size  Test.elf 
   text	   data	    bss	    dec	    hex	filename
  25992	    104	   2640	  28736	   7040	Test.elf
Finished building: default.size.stdout
 
16:40:43 **** Incremental Build of configuration Debug for project CAN_Watchdog ****
make -j20 all 
arm-none-eabi-size  CAN_Watchdog.elf 
   text	   data	    bss	    dec	    hex	filename
  29532	    104	   2752	  32388	   7e84	CAN_Watchdog.elf
Finished building: default.size.stdout
 
16:41:37 **** Incremental Build of configuration Debug for project CAN_Watchdog ****
make -j20 all 
arm-none-eabi-size  CAN_Watchdog.elf 
   text	   data	    bss	    dec	    hex	filename
  29532	    104	   2752	  32388	   7e84	CAN_Watchdog.elf
Finished building: default.size.stdout
 
16:43:18 **** Incremental Build of configuration Debug for project CAN_Watchdog ****
make -j20 all 
arm-none-eabi-gcc "../Core/Src/main.c" -mcpu=cortex-m4 -std=gnu11 -g3 -DDEBUG -DUSE_NUCLEO_64 -DUSE_HAL_DRIVER -DSTM32G491xx -c -I../Core/Inc -IC:/Users/justn/STM32Cube/Repository/STM32Cube_FW_G4_V1.6.1/Drivers/STM32G4xx_HAL_Driver/Inc -IC:/Users/justn/STM32Cube/Repository/STM32Cube_FW_G4_V1.6.1/Drivers/STM32G4xx_HAL_Driver/Inc/Legacy -IC:/Users/justn/STM32Cube/Repository/STM32Cube_FW_G4_V1.6.1/Drivers/BSP/STM32G4xx_Nucleo -IC:/Users/justn/STM32Cube/Repository/STM32Cube_FW_G4_V1.6.1/Drivers/CMSIS/Device/ST/STM32G4xx/Include -IC:/Users/justn/STM32Cube/Repository/STM32Cube_FW_G4_V1.6.1/Drivers/CMSIS/Include -I../USB_Device/App -I../USB_Device/Target -IC:/Users/justn/STM32Cube/Repository/STM32Cube_FW_G4_V1.6.1/Middlewares/ST/STM32_USB_Device_Library/Core/Inc -IC:/Users/justn/STM32Cube/Repository/STM32Cube_FW_G4_V1.6.1/Middlewares/ST/STM32_USB_Device_Library/Class/CDC/Inc -O0 -ffunction-sections -fdata-sections -Wall -fstack-usage -fcyclomatic-complexity -MMD -MP -MF"Core/Src/main.d" -MT"Core/Src/main.o" --specs=nano.specs -mfpu=fpv4-sp-d16 -mfloat-abi=hard -mthumb -o "Core/Src/main.o"
arm-none-eabi-gcc -o "CAN_Watchdog.elf" @"objects.list"   -mcpu=cortex-m4 -T"C:\Users\justn\Desktop\Classes\Senior Fall\EC463\EC463_Nascimento_Justin\CAN_Watchdog\CAN_Watchdog\STM32G491RETX_FLASH.ld" --specs=nosys.specs -Wl,-Map="CAN_Watchdog.map" -Wl,--gc-sections -static --specs=nano.specs -mfpu=fpv4-sp-d16 -mfloat-abi=hard -mthumb -Wl,--start-group -lc -lm -Wl,--end-group
Finished building target: CAN_Watchdog.elf
 
arm-none-eabi-size  CAN_Watchdog.elf 
arm-none-eabi-objdump -h -S CAN_Watchdog.elf  > "CAN_Watchdog.list"
   text	   data	    bss	    dec	    hex	filename
  29524	    104	   2752	  32380	   7e7c	CAN_Watchdog.elf
Finished building: default.size.stdout
 
Finished building: CAN_Watchdog.list
 
16:44:48 **** Incremental Build of configuration Debug for project CAN_Watchdog ****
make -j20 all 
arm-none-eabi-gcc "../Core/Src/main.c" -mcpu=cortex-m4 -std=gnu11 -g3 -DDEBUG -DUSE_NUCLEO_64 -DUSE_HAL_DRIVER -DSTM32G491xx -c -I../Core/Inc -IC:/Users/justn/STM32Cube/Repository/STM32Cube_FW_G4_V1.6.1/Drivers/STM32G4xx_HAL_Driver/Inc -IC:/Users/justn/STM32Cube/Repository/STM32Cube_FW_G4_V1.6.1/Drivers/STM32G4xx_HAL_Driver/Inc/Legacy -IC:/Users/justn/STM32Cube/Repository/STM32Cube_FW_G4_V1.6.1/Drivers/BSP/STM32G4xx_Nucleo -IC:/Users/justn/STM32Cube/Repository/STM32Cube_FW_G4_V1.6.1/Drivers/CMSIS/Device/ST/STM32G4xx/Include -IC:/Users/justn/STM32Cube/Repository/STM32Cube_FW_G4_V1.6.1/Drivers/CMSIS/Include -I../USB_Device/App -I../USB_Device/Target -IC:/Users/justn/STM32Cube/Repository/STM32Cube_FW_G4_V1.6.1/Middlewares/ST/STM32_USB_Device_Library/Core/Inc -IC:/Users/justn/STM32Cube/Repository/STM32Cube_FW_G4_V1.6.1/Middlewares/ST/STM32_USB_Device_Library/Class/CDC/Inc -O0 -ffunction-sections -fdata-sections -Wall -fstack-usage -fcyclomatic-complexity -MMD -MP -MF"Core/Src/main.d" -MT"Core/Src/main.o" --specs=nano.specs -mfpu=fpv4-sp-d16 -mfloat-abi=hard -mthumb -o "Core/Src/main.o"
arm-none-eabi-gcc -o "CAN_Watchdog.elf" @"objects.list"   -mcpu=cortex-m4 -T"C:\Users\justn\Desktop\Classes\Senior Fall\EC463\EC463_Nascimento_Justin\CAN_Watchdog\CAN_Watchdog\STM32G491RETX_FLASH.ld" --specs=nosys.specs -Wl,-Map="CAN_Watchdog.map" -Wl,--gc-sections -static --specs=nano.specs -mfpu=fpv4-sp-d16 -mfloat-abi=hard -mthumb -Wl,--start-group -lc -lm -Wl,--end-group
Finished building target: CAN_Watchdog.elf
 
arm-none-eabi-size  CAN_Watchdog.elf 
arm-none-eabi-objdump -h -S CAN_Watchdog.elf  > "CAN_Watchdog.list"
   text	   data	    bss	    dec	    hex	filename
  29508	    104	   2752	  32364	   7e6c	CAN_Watchdog.elf
Finished building: default.size.stdout
 
Finished building: CAN_Watchdog.list
 
16:50:25 **** Incremental Build of configuration Debug for project CAN_Watchdog ****
make -j20 all 
arm-none-eabi-size  CAN_Watchdog.elf 
   text	   data	    bss	    dec	    hex	filename
  29508	    104	   2752	  32364	   7e6c	CAN_Watchdog.elf
Finished building: default.size.stdout
 
16:55:01 **** Incremental Build of configuration Debug for project CAN_Watchdog ****
make -j20 all 
arm-none-eabi-gcc "../Core/Src/main.c" -mcpu=cortex-m4 -std=gnu11 -g3 -DDEBUG -DUSE_NUCLEO_64 -DUSE_HAL_DRIVER -DSTM32G491xx -c -I../Core/Inc -IC:/Users/justn/STM32Cube/Repository/STM32Cube_FW_G4_V1.6.1/Drivers/STM32G4xx_HAL_Driver/Inc -IC:/Users/justn/STM32Cube/Repository/STM32Cube_FW_G4_V1.6.1/Drivers/STM32G4xx_HAL_Driver/Inc/Legacy -IC:/Users/justn/STM32Cube/Repository/STM32Cube_FW_G4_V1.6.1/Drivers/BSP/STM32G4xx_Nucleo -IC:/Users/justn/STM32Cube/Repository/STM32Cube_FW_G4_V1.6.1/Drivers/CMSIS/Device/ST/STM32G4xx/Include -IC:/Users/justn/STM32Cube/Repository/STM32Cube_FW_G4_V1.6.1/Drivers/CMSIS/Include -I../USB_Device/App -I../USB_Device/Target -IC:/Users/justn/STM32Cube/Repository/STM32Cube_FW_G4_V1.6.1/Middlewares/ST/STM32_USB_Device_Library/Core/Inc -IC:/Users/justn/STM32Cube/Repository/STM32Cube_FW_G4_V1.6.1/Middlewares/ST/STM32_USB_Device_Library/Class/CDC/Inc -O0 -ffunction-sections -fdata-sections -Wall -fstack-usage -fcyclomatic-complexity -MMD -MP -MF"Core/Src/main.d" -MT"Core/Src/main.o" --specs=nano.specs -mfpu=fpv4-sp-d16 -mfloat-abi=hard -mthumb -o "Core/Src/main.o"
arm-none-eabi-gcc -o "CAN_Watchdog.elf" @"objects.list"   -mcpu=cortex-m4 -T"C:\Users\justn\Desktop\Classes\Senior Fall\EC463\EC463_Nascimento_Justin\CAN_Watchdog\CAN_Watchdog\STM32G491RETX_FLASH.ld" --specs=nosys.specs -Wl,-Map="CAN_Watchdog.map" -Wl,--gc-sections -static --specs=nano.specs -mfpu=fpv4-sp-d16 -mfloat-abi=hard -mthumb -Wl,--start-group -lc -lm -Wl,--end-group
Finished building target: CAN_Watchdog.elf
 
arm-none-eabi-size  CAN_Watchdog.elf 
arm-none-eabi-objdump -h -S CAN_Watchdog.elf  > "CAN_Watchdog.list"
   text	   data	    bss	    dec	    hex	filename
  29508	    104	   2752	  32364	   7e6c	CAN_Watchdog.elf
Finished building: default.size.stdout
 
Finished building: CAN_Watchdog.list
 
17:04:32 **** Incremental Build of configuration Debug for project CAN_Watchdog ****
make -j20 all 
arm-none-eabi-gcc "../Core/Src/main.c" -mcpu=cortex-m4 -std=gnu11 -g3 -DDEBUG -DUSE_NUCLEO_64 -DUSE_HAL_DRIVER -DSTM32G491xx -c -I../Core/Inc -IC:/Users/justn/STM32Cube/Repository/STM32Cube_FW_G4_V1.6.1/Drivers/STM32G4xx_HAL_Driver/Inc -IC:/Users/justn/STM32Cube/Repository/STM32Cube_FW_G4_V1.6.1/Drivers/STM32G4xx_HAL_Driver/Inc/Legacy -IC:/Users/justn/STM32Cube/Repository/STM32Cube_FW_G4_V1.6.1/Drivers/BSP/STM32G4xx_Nucleo -IC:/Users/justn/STM32Cube/Repository/STM32Cube_FW_G4_V1.6.1/Drivers/CMSIS/Device/ST/STM32G4xx/Include -IC:/Users/justn/STM32Cube/Repository/STM32Cube_FW_G4_V1.6.1/Drivers/CMSIS/Include -I../USB_Device/App -I../USB_Device/Target -IC:/Users/justn/STM32Cube/Repository/STM32Cube_FW_G4_V1.6.1/Middlewares/ST/STM32_USB_Device_Library/Core/Inc -IC:/Users/justn/STM32Cube/Repository/STM32Cube_FW_G4_V1.6.1/Middlewares/ST/STM32_USB_Device_Library/Class/CDC/Inc -O0 -ffunction-sections -fdata-sections -Wall -fstack-usage -fcyclomatic-complexity -MMD -MP -MF"Core/Src/main.d" -MT"Core/Src/main.o" --specs=nano.specs -mfpu=fpv4-sp-d16 -mfloat-abi=hard -mthumb -o "Core/Src/main.o"
arm-none-eabi-gcc -o "CAN_Watchdog.elf" @"objects.list"   -mcpu=cortex-m4 -T"C:\Users\justn\Desktop\Classes\Senior Fall\EC463\EC463_Nascimento_Justin\CAN_Watchdog\CAN_Watchdog\STM32G491RETX_FLASH.ld" --specs=nosys.specs -Wl,-Map="CAN_Watchdog.map" -Wl,--gc-sections -static --specs=nano.specs -mfpu=fpv4-sp-d16 -mfloat-abi=hard -mthumb -Wl,--start-group -lc -lm -Wl,--end-group
Finished building target: CAN_Watchdog.elf
 
arm-none-eabi-size  CAN_Watchdog.elf 
arm-none-eabi-objdump -h -S CAN_Watchdog.elf  > "CAN_Watchdog.list"
   text	   data	    bss	    dec	    hex	filename
  32720	    104	   2752	  35576	   8af8	CAN_Watchdog.elf
Finished building: default.size.stdout
 
Finished building: CAN_Watchdog.list
 
17:13:04 **** Incremental Build of configuration Debug for project CAN_Watchdog ****
make -j20 all 
arm-none-eabi-size  CAN_Watchdog.elf 
   text	   data	    bss	    dec	    hex	filename
  32720	    104	   2752	  35576	   8af8	CAN_Watchdog.elf
Finished building: default.size.stdout
 
17:15:00 **** Incremental Build of configuration Debug for project CAN_Watchdog ****
make -j20 all 
arm-none-eabi-gcc "../Core/Src/main.c" -mcpu=cortex-m4 -std=gnu11 -g3 -DDEBUG -DUSE_NUCLEO_64 -DUSE_HAL_DRIVER -DSTM32G491xx -c -I../Core/Inc -IC:/Users/justn/STM32Cube/Repository/STM32Cube_FW_G4_V1.6.1/Drivers/STM32G4xx_HAL_Driver/Inc -IC:/Users/justn/STM32Cube/Repository/STM32Cube_FW_G4_V1.6.1/Drivers/STM32G4xx_HAL_Driver/Inc/Legacy -IC:/Users/justn/STM32Cube/Repository/STM32Cube_FW_G4_V1.6.1/Drivers/BSP/STM32G4xx_Nucleo -IC:/Users/justn/STM32Cube/Repository/STM32Cube_FW_G4_V1.6.1/Drivers/CMSIS/Device/ST/STM32G4xx/Include -IC:/Users/justn/STM32Cube/Repository/STM32Cube_FW_G4_V1.6.1/Drivers/CMSIS/Include -I../USB_Device/App -I../USB_Device/Target -IC:/Users/justn/STM32Cube/Repository/STM32Cube_FW_G4_V1.6.1/Middlewares/ST/STM32_USB_Device_Library/Core/Inc -IC:/Users/justn/STM32Cube/Repository/STM32Cube_FW_G4_V1.6.1/Middlewares/ST/STM32_USB_Device_Library/Class/CDC/Inc -O0 -ffunction-sections -fdata-sections -Wall -fstack-usage -fcyclomatic-complexity -MMD -MP -MF"Core/Src/main.d" -MT"Core/Src/main.o" --specs=nano.specs -mfpu=fpv4-sp-d16 -mfloat-abi=hard -mthumb -o "Core/Src/main.o"
arm-none-eabi-gcc -o "CAN_Watchdog.elf" @"objects.list"   -mcpu=cortex-m4 -T"C:\Users\justn\Desktop\Classes\Senior Fall\EC463\EC463_Nascimento_Justin\CAN_Watchdog\CAN_Watchdog\STM32G491RETX_FLASH.ld" --specs=nosys.specs -Wl,-Map="CAN_Watchdog.map" -Wl,--gc-sections -static --specs=nano.specs -mfpu=fpv4-sp-d16 -mfloat-abi=hard -mthumb -Wl,--start-group -lc -lm -Wl,--end-group
Finished building target: CAN_Watchdog.elf
 
arm-none-eabi-size  CAN_Watchdog.elf 
arm-none-eabi-objdump -h -S CAN_Watchdog.elf  > "CAN_Watchdog.list"
   text	   data	    bss	    dec	    hex	filename
  32732	    104	   2752	  35588	   8b04	CAN_Watchdog.elf
Finished building: default.size.stdout
 
Finished building: CAN_Watchdog.list
 
17:17:46 **** Incremental Build of configuration Debug for project CAN_Watchdog ****
make -j20 all 
arm-none-eabi-gcc "../Core/Src/main.c" -mcpu=cortex-m4 -std=gnu11 -g3 -DDEBUG -DUSE_NUCLEO_64 -DUSE_HAL_DRIVER -DSTM32G491xx -c -I../Core/Inc -IC:/Users/justn/STM32Cube/Repository/STM32Cube_FW_G4_V1.6.1/Drivers/STM32G4xx_HAL_Driver/Inc -IC:/Users/justn/STM32Cube/Repository/STM32Cube_FW_G4_V1.6.1/Drivers/STM32G4xx_HAL_Driver/Inc/Legacy -IC:/Users/justn/STM32Cube/Repository/STM32Cube_FW_G4_V1.6.1/Drivers/BSP/STM32G4xx_Nucleo -IC:/Users/justn/STM32Cube/Repository/STM32Cube_FW_G4_V1.6.1/Drivers/CMSIS/Device/ST/STM32G4xx/Include -IC:/Users/justn/STM32Cube/Repository/STM32Cube_FW_G4_V1.6.1/Drivers/CMSIS/Include -I../USB_Device/App -I../USB_Device/Target -IC:/Users/justn/STM32Cube/Repository/STM32Cube_FW_G4_V1.6.1/Middlewares/ST/STM32_USB_Device_Library/Core/Inc -IC:/Users/justn/STM32Cube/Repository/STM32Cube_FW_G4_V1.6.1/Middlewares/ST/STM32_USB_Device_Library/Class/CDC/Inc -O0 -ffunction-sections -fdata-sections -Wall -fstack-usage -fcyclomatic-complexity -MMD -MP -MF"Core/Src/main.d" -MT"Core/Src/main.o" --specs=nano.specs -mfpu=fpv4-sp-d16 -mfloat-abi=hard -mthumb -o "Core/Src/main.o"
arm-none-eabi-gcc -o "CAN_Watchdog.elf" @"objects.list"   -mcpu=cortex-m4 -T"C:\Users\justn\Desktop\Classes\Senior Fall\EC463\EC463_Nascimento_Justin\CAN_Watchdog\CAN_Watchdog\STM32G491RETX_FLASH.ld" --specs=nosys.specs -Wl,-Map="CAN_Watchdog.map" -Wl,--gc-sections -static --specs=nano.specs -mfpu=fpv4-sp-d16 -mfloat-abi=hard -mthumb -Wl,--start-group -lc -lm -Wl,--end-group
Finished building target: CAN_Watchdog.elf
 
arm-none-eabi-size  CAN_Watchdog.elf 
arm-none-eabi-objdump -h -S CAN_Watchdog.elf  > "CAN_Watchdog.list"
   text	   data	    bss	    dec	    hex	filename
  32796	    104	   2752	  35652	   8b44	CAN_Watchdog.elf
Finished building: default.size.stdout
 
Finished building: CAN_Watchdog.list
 
17:18:16 **** Incremental Build of configuration Debug for project CAN_Watchdog ****
make -j20 all 
arm-none-eabi-size  CAN_Watchdog.elf 
   text	   data	    bss	    dec	    hex	filename
  32796	    104	   2752	  35652	   8b44	CAN_Watchdog.elf
Finished building: default.size.stdout
 
17:18:52 **** Incremental Build of configuration Debug for project CAN_Watchdog ****
make -j20 all 
arm-none-eabi-size  CAN_Watchdog.elf 
   text	   data	    bss	    dec	    hex	filename
  32796	    104	   2752	  35652	   8b44	CAN_Watchdog.elf
Finished building: default.size.stdout
 
17:19:19 **** Incremental Build of configuration Debug for project CAN_Watchdog ****
make -j20 all 
arm-none-eabi-gcc "../Core/Src/main.c" -mcpu=cortex-m4 -std=gnu11 -g3 -DDEBUG -DUSE_NUCLEO_64 -DUSE_HAL_DRIVER -DSTM32G491xx -c -I../Core/Inc -IC:/Users/justn/STM32Cube/Repository/STM32Cube_FW_G4_V1.6.1/Drivers/STM32G4xx_HAL_Driver/Inc -IC:/Users/justn/STM32Cube/Repository/STM32Cube_FW_G4_V1.6.1/Drivers/STM32G4xx_HAL_Driver/Inc/Legacy -IC:/Users/justn/STM32Cube/Repository/STM32Cube_FW_G4_V1.6.1/Drivers/BSP/STM32G4xx_Nucleo -IC:/Users/justn/STM32Cube/Repository/STM32Cube_FW_G4_V1.6.1/Drivers/CMSIS/Device/ST/STM32G4xx/Include -IC:/Users/justn/STM32Cube/Repository/STM32Cube_FW_G4_V1.6.1/Drivers/CMSIS/Include -I../USB_Device/App -I../USB_Device/Target -IC:/Users/justn/STM32Cube/Repository/STM32Cube_FW_G4_V1.6.1/Middlewares/ST/STM32_USB_Device_Library/Core/Inc -IC:/Users/justn/STM32Cube/Repository/STM32Cube_FW_G4_V1.6.1/Middlewares/ST/STM32_USB_Device_Library/Class/CDC/Inc -O0 -ffunction-sections -fdata-sections -Wall -fstack-usage -fcyclomatic-complexity -MMD -MP -MF"Core/Src/main.d" -MT"Core/Src/main.o" --specs=nano.specs -mfpu=fpv4-sp-d16 -mfloat-abi=hard -mthumb -o "Core/Src/main.o"
arm-none-eabi-gcc -o "CAN_Watchdog.elf" @"objects.list"   -mcpu=cortex-m4 -T"C:\Users\justn\Desktop\Classes\Senior Fall\EC463\EC463_Nascimento_Justin\CAN_Watchdog\CAN_Watchdog\STM32G491RETX_FLASH.ld" --specs=nosys.specs -Wl,-Map="CAN_Watchdog.map" -Wl,--gc-sections -static --specs=nano.specs -mfpu=fpv4-sp-d16 -mfloat-abi=hard -mthumb -Wl,--start-group -lc -lm -Wl,--end-group
Finished building target: CAN_Watchdog.elf
 
arm-none-eabi-size  CAN_Watchdog.elf 
arm-none-eabi-objdump -h -S CAN_Watchdog.elf  > "CAN_Watchdog.list"
   text	   data	    bss	    dec	    hex	filename
  32796	    104	   2752	  35652	   8b44	CAN_Watchdog.elf
Finished building: default.size.stdout
 
Finished building: CAN_Watchdog.list
 
17:19:20 **** Incremental Build of configuration Debug for project Test ****
make -j20 all 
arm-none-eabi-size  Test.elf 
   text	   data	    bss	    dec	    hex	filename
  25992	    104	   2640	  28736	   7040	Test.elf
Finished building: default.size.stdout
 
17:19:25 **** Incremental Build of configuration Debug for project CAN_Watchdog ****
make -j20 all 
arm-none-eabi-size  CAN_Watchdog.elf 
   text	   data	    bss	    dec	    hex	filename
  32796	    104	   2752	  35652	   8b44	CAN_Watchdog.elf
Finished building: default.size.stdout
 
17:24:53 **** Incremental Build of configuration Debug for project CAN_Watchdog ****
make -j20 all 
arm-none-eabi-size  CAN_Watchdog.elf 
   text	   data	    bss	    dec	    hex	filename
  32796	    104	   2752	  35652	   8b44	CAN_Watchdog.elf
Finished building: default.size.stdout
 
17:32:47 **** Incremental Build of configuration Debug for project CAN_Watchdog ****
make -j20 all 
arm-none-eabi-gcc "../Core/Src/main.c" -mcpu=cortex-m4 -std=gnu11 -g3 -DDEBUG -DUSE_NUCLEO_64 -DUSE_HAL_DRIVER -DSTM32G491xx -c -I../Core/Inc -IC:/Users/justn/STM32Cube/Repository/STM32Cube_FW_G4_V1.6.1/Drivers/STM32G4xx_HAL_Driver/Inc -IC:/Users/justn/STM32Cube/Repository/STM32Cube_FW_G4_V1.6.1/Drivers/STM32G4xx_HAL_Driver/Inc/Legacy -IC:/Users/justn/STM32Cube/Repository/STM32Cube_FW_G4_V1.6.1/Drivers/BSP/STM32G4xx_Nucleo -IC:/Users/justn/STM32Cube/Repository/STM32Cube_FW_G4_V1.6.1/Drivers/CMSIS/Device/ST/STM32G4xx/Include -IC:/Users/justn/STM32Cube/Repository/STM32Cube_FW_G4_V1.6.1/Drivers/CMSIS/Include -I../USB_Device/App -I../USB_Device/Target -IC:/Users/justn/STM32Cube/Repository/STM32Cube_FW_G4_V1.6.1/Middlewares/ST/STM32_USB_Device_Library/Core/Inc -IC:/Users/justn/STM32Cube/Repository/STM32Cube_FW_G4_V1.6.1/Middlewares/ST/STM32_USB_Device_Library/Class/CDC/Inc -O0 -ffunction-sections -fdata-sections -Wall -fstack-usage -fcyclomatic-complexity -MMD -MP -MF"Core/Src/main.d" -MT"Core/Src/main.o" --specs=nano.specs -mfpu=fpv4-sp-d16 -mfloat-abi=hard -mthumb -o "Core/Src/main.o"
arm-none-eabi-gcc -o "CAN_Watchdog.elf" @"objects.list"   -mcpu=cortex-m4 -T"C:\Users\justn\Desktop\Classes\Senior Fall\EC463\EC463_Nascimento_Justin\CAN_Watchdog\CAN_Watchdog\STM32G491RETX_FLASH.ld" --specs=nosys.specs -Wl,-Map="CAN_Watchdog.map" -Wl,--gc-sections -static --specs=nano.specs -mfpu=fpv4-sp-d16 -mfloat-abi=hard -mthumb -Wl,--start-group -lc -lm -Wl,--end-group
C:/ST/STM32CubeIDE_1.19.0/STM32CubeIDE/plugins/com.st.stm32cube.ide.mcu.externaltools.gnu-tools-for-stm32.13.3.rel1.win32_1.0.0.202411081344/tools/bin/../lib/gcc/arm-none-eabi/13.3.1/../../../../arm-none-eabi/bin/ld.exe: ./Core/Src/fdcan.o: in function `MX_FDCAN1_Init':
C:/Users/justn/Desktop/Classes/Senior Fall/EC463/EC463_Nascimento_Justin/CAN_Watchdog/CAN_Watchdog/Debug/../Core/Src/fdcan.c:60:(.text.MX_FDCAN1_Init+0x7c): undefined reference to `Error_Handler'
C:/ST/STM32CubeIDE_1.19.0/STM32CubeIDE/plugins/com.st.stm32cube.ide.mcu.externaltools.gnu-tools-for-stm32.13.3.rel1.win32_1.0.0.202411081344/tools/bin/../lib/gcc/arm-none-eabi/13.3.1/../../../../arm-none-eabi/bin/ld.exe: ./Core/Src/fdcan.o: in function `HAL_FDCAN_MspInit':
C:/Users/justn/Desktop/Classes/Senior Fall/EC463/EC463_Nascimento_Justin/CAN_Watchdog/CAN_Watchdog/Debug/../Core/Src/fdcan.c:85:(.text.HAL_FDCAN_MspInit+0x4c): undefined reference to `Error_Handler'
C:/ST/STM32CubeIDE_1.19.0/STM32CubeIDE/plugins/com.st.stm32cube.ide.mcu.externaltools.gnu-tools-for-stm32.13.3.rel1.win32_1.0.0.202411081344/tools/bin/../lib/gcc/arm-none-eabi/13.3.1/../../../../arm-none-eabi/bin/ld.exe: ./Core/Src/main.o: in function `main':
C:/Users/justn/Desktop/Classes/Senior Fall/EC463/EC463_Nascimento_Justin/CAN_Watchdog/CAN_Watchdog/Debug/../Core/Src/main.c:19:(.text.main+0xa): undefined reference to `SystemClock_Config'
C:/ST/STM32CubeIDE_1.19.0/STM32CubeIDE/plugins/com.st.stm32cube.ide.mcu.externaltools.gnu-tools-for-stm32.13.3.rel1.win32_1.0.0.202411081344/tools/bin/../lib/gcc/arm-none-eabi/13.3.1/../../../../arm-none-eabi/bin/ld.exe: C:/Users/justn/Desktop/Classes/Senior Fall/EC463/EC463_Nascimento_Justin/CAN_Watchdog/CAN_Watchdog/Debug/../Core/Src/main.c:25:(.text.main+0x28): undefined reference to `Error_Handler'
C:/ST/STM32CubeIDE_1.19.0/STM32CubeIDE/plugins/com.st.stm32cube.ide.mcu.externaltools.gnu-tools-for-stm32.13.3.rel1.win32_1.0.0.202411081344/tools/bin/../lib/gcc/arm-none-eabi/13.3.1/../../../../arm-none-eabi/bin/ld.exe: C:/Users/justn/Desktop/Classes/Senior Fall/EC463/EC463_Nascimento_Justin/CAN_Watchdog/CAN_Watchdog/Debug/../Core/Src/main.c:35:(.text.main+0x56): undefined reference to `Error_Handler'
C:/ST/STM32CubeIDE_1.19.0/STM32CubeIDE/plugins/com.st.stm32cube.ide.mcu.externaltools.gnu-tools-for-stm32.13.3.rel1.win32_1.0.0.202411081344/tools/bin/../lib/gcc/arm-none-eabi/13.3.1/../../../../arm-none-eabi/bin/ld.exe: C:/Users/justn/Desktop/Classes/Senior Fall/EC463/EC463_Nascimento_Justin/CAN_Watchdog/CAN_Watchdog/Debug/../Core/Src/main.c:38:(.text.main+0x66): undefined reference to `Error_Handler'
C:/ST/STM32CubeIDE_1.19.0/STM32CubeIDE/plugins/com.st.stm32cube.ide.mcu.externaltools.gnu-tools-for-stm32.13.3.rel1.win32_1.0.0.202411081344/tools/bin/../lib/gcc/arm-none-eabi/13.3.1/../../../../arm-none-eabi/bin/ld.exe: C:/Users/justn/Desktop/Classes/Senior Fall/EC463/EC463_Nascimento_Justin/CAN_Watchdog/CAN_Watchdog/Debug/../Core/Src/main.c:42:(.text.main+0x7a): undefined reference to `Error_Handler'
C:/ST/STM32CubeIDE_1.19.0/STM32CubeIDE/plugins/com.st.stm32cube.ide.mcu.externaltools.gnu-tools-for-stm32.13.3.rel1.win32_1.0.0.202411081344/tools/bin/../lib/gcc/arm-none-eabi/13.3.1/../../../../arm-none-eabi/bin/ld.exe: C:/Users/justn/Desktop/Classes/Senior Fall/EC463/EC463_Nascimento_Justin/CAN_Watchdog/CAN_Watchdog/Debug/../Core/Src/main.c:63:(.text.main+0xd6): undefined reference to `Error_Handler'
C:/ST/STM32CubeIDE_1.19.0/STM32CubeIDE/plugins/com.st.stm32cube.ide.mcu.externaltools.gnu-tools-for-stm32.13.3.rel1.win32_1.0.0.202411081344/tools/bin/../lib/gcc/arm-none-eabi/13.3.1/../../../../arm-none-eabi/bin/ld.exe: ./USB_Device/Target/usbd_conf.o:C:/Users/justn/Desktop/Classes/Senior Fall/EC463/EC463_Nascimento_Justin/CAN_Watchdog/CAN_Watchdog/Debug/../USB_Device/Target/usbd_conf.c:226: more undefined references to `Error_Handler' follow
C:/ST/STM32CubeIDE_1.19.0/STM32CubeIDE/plugins/com.st.stm32cube.ide.mcu.externaltools.gnu-tools-for-stm32.13.3.rel1.win32_1.0.0.202411081344/tools/bin/../lib/gcc/arm-none-eabi/13.3.1/../../../../arm-none-eabi/bin/ld.exe: ./USB_Device/Target/usbd_conf.o: in function `SystemClockConfig_Resume':
C:/Users/justn/Desktop/Classes/Senior Fall/EC463/EC463_Nascimento_Justin/CAN_Watchdog/CAN_Watchdog/Debug/../USB_Device/Target/usbd_conf.c:765:(.text.SystemClockConfig_Resume+0x4): undefined reference to `SystemClock_Config'
collect2.exe: error: ld returned 1 exit status
make: *** [makefile:68: CAN_Watchdog.elf] Error 1
"make -j20 all" terminated with exit code 2. Build might be incomplete.
17:32:57 **** Incremental Build of configuration Debug for project CAN_Watchdog ****
make -j20 all 
arm-none-eabi-gcc -o "CAN_Watchdog.elf" @"objects.list"   -mcpu=cortex-m4 -T"C:\Users\justn\Desktop\Classes\Senior Fall\EC463\EC463_Nascimento_Justin\CAN_Watchdog\CAN_Watchdog\STM32G491RETX_FLASH.ld" --specs=nosys.specs -Wl,-Map="CAN_Watchdog.map" -Wl,--gc-sections -static --specs=nano.specs -mfpu=fpv4-sp-d16 -mfloat-abi=hard -mthumb -Wl,--start-group -lc -lm -Wl,--end-group
C:/ST/STM32CubeIDE_1.19.0/STM32CubeIDE/plugins/com.st.stm32cube.ide.mcu.externaltools.gnu-tools-for-stm32.13.3.rel1.win32_1.0.0.202411081344/tools/bin/../lib/gcc/arm-none-eabi/13.3.1/../../../../arm-none-eabi/bin/ld.exe: ./Core/Src/fdcan.o: in function `MX_FDCAN1_Init':
C:/Users/justn/Desktop/Classes/Senior Fall/EC463/EC463_Nascimento_Justin/CAN_Watchdog/CAN_Watchdog/Debug/../Core/Src/fdcan.c:60:(.text.MX_FDCAN1_Init+0x7c): undefined reference to `Error_Handler'
C:/ST/STM32CubeIDE_1.19.0/STM32CubeIDE/plugins/com.st.stm32cube.ide.mcu.externaltools.gnu-tools-for-stm32.13.3.rel1.win32_1.0.0.202411081344/tools/bin/../lib/gcc/arm-none-eabi/13.3.1/../../../../arm-none-eabi/bin/ld.exe: ./Core/Src/fdcan.o: in function `HAL_FDCAN_MspInit':
C:/Users/justn/Desktop/Classes/Senior Fall/EC463/EC463_Nascimento_Justin/CAN_Watchdog/CAN_Watchdog/Debug/../Core/Src/fdcan.c:85:(.text.HAL_FDCAN_MspInit+0x4c): undefined reference to `Error_Handler'
C:/ST/STM32CubeIDE_1.19.0/STM32CubeIDE/plugins/com.st.stm32cube.ide.mcu.externaltools.gnu-tools-for-stm32.13.3.rel1.win32_1.0.0.202411081344/tools/bin/../lib/gcc/arm-none-eabi/13.3.1/../../../../arm-none-eabi/bin/ld.exe: ./Core/Src/main.o: in function `main':
C:/Users/justn/Desktop/Classes/Senior Fall/EC463/EC463_Nascimento_Justin/CAN_Watchdog/CAN_Watchdog/Debug/../Core/Src/main.c:19:(.text.main+0xa): undefined reference to `SystemClock_Config'
C:/ST/STM32CubeIDE_1.19.0/STM32CubeIDE/plugins/com.st.stm32cube.ide.mcu.externaltools.gnu-tools-for-stm32.13.3.rel1.win32_1.0.0.202411081344/tools/bin/../lib/gcc/arm-none-eabi/13.3.1/../../../../arm-none-eabi/bin/ld.exe: C:/Users/justn/Desktop/Classes/Senior Fall/EC463/EC463_Nascimento_Justin/CAN_Watchdog/CAN_Watchdog/Debug/../Core/Src/main.c:25:(.text.main+0x28): undefined reference to `Error_Handler'
C:/ST/STM32CubeIDE_1.19.0/STM32CubeIDE/plugins/com.st.stm32cube.ide.mcu.externaltools.gnu-tools-for-stm32.13.3.rel1.win32_1.0.0.202411081344/tools/bin/../lib/gcc/arm-none-eabi/13.3.1/../../../../arm-none-eabi/bin/ld.exe: C:/Users/justn/Desktop/Classes/Senior Fall/EC463/EC463_Nascimento_Justin/CAN_Watchdog/CAN_Watchdog/Debug/../Core/Src/main.c:35:(.text.main+0x56): undefined reference to `Error_Handler'
C:/ST/STM32CubeIDE_1.19.0/STM32CubeIDE/plugins/com.st.stm32cube.ide.mcu.externaltools.gnu-tools-for-stm32.13.3.rel1.win32_1.0.0.202411081344/tools/bin/../lib/gcc/arm-none-eabi/13.3.1/../../../../arm-none-eabi/bin/ld.exe: C:/Users/justn/Desktop/Classes/Senior Fall/EC463/EC463_Nascimento_Justin/CAN_Watchdog/CAN_Watchdog/Debug/../Core/Src/main.c:38:(.text.main+0x66): undefined reference to `Error_Handler'
C:/ST/STM32CubeIDE_1.19.0/STM32CubeIDE/plugins/com.st.stm32cube.ide.mcu.externaltools.gnu-tools-for-stm32.13.3.rel1.win32_1.0.0.202411081344/tools/bin/../lib/gcc/arm-none-eabi/13.3.1/../../../../arm-none-eabi/bin/ld.exe: C:/Users/justn/Desktop/Classes/Senior Fall/EC463/EC463_Nascimento_Justin/CAN_Watchdog/CAN_Watchdog/Debug/../Core/Src/main.c:42:(.text.main+0x7a): undefined reference to `Error_Handler'
C:/ST/STM32CubeIDE_1.19.0/STM32CubeIDE/plugins/com.st.stm32cube.ide.mcu.externaltools.gnu-tools-for-stm32.13.3.rel1.win32_1.0.0.202411081344/tools/bin/../lib/gcc/arm-none-eabi/13.3.1/../../../../arm-none-eabi/bin/ld.exe: C:/Users/justn/Desktop/Classes/Senior Fall/EC463/EC463_Nascimento_Justin/CAN_Watchdog/CAN_Watchdog/Debug/../Core/Src/main.c:63:(.text.main+0xd6): undefined reference to `Error_Handler'
C:/ST/STM32CubeIDE_1.19.0/STM32CubeIDE/plugins/com.st.stm32cube.ide.mcu.externaltools.gnu-tools-for-stm32.13.3.rel1.win32_1.0.0.202411081344/tools/bin/../lib/gcc/arm-none-eabi/13.3.1/../../../../arm-none-eabi/bin/ld.exe: ./USB_Device/Target/usbd_conf.o:C:/Users/justn/Desktop/Classes/Senior Fall/EC463/EC463_Nascimento_Justin/CAN_Watchdog/CAN_Watchdog/Debug/../USB_Device/Target/usbd_conf.c:226: more undefined references to `Error_Handler' follow
C:/ST/STM32CubeIDE_1.19.0/STM32CubeIDE/plugins/com.st.stm32cube.ide.mcu.externaltools.gnu-tools-for-stm32.13.3.rel1.win32_1.0.0.202411081344/tools/bin/../lib/gcc/arm-none-eabi/13.3.1/../../../../arm-none-eabi/bin/ld.exe: ./USB_Device/Target/usbd_conf.o: in function `SystemClockConfig_Resume':
C:/Users/justn/Desktop/Classes/Senior Fall/EC463/EC463_Nascimento_Justin/CAN_Watchdog/CAN_Watchdog/Debug/../USB_Device/Target/usbd_conf.c:765:(.text.SystemClockConfig_Resume+0x4): undefined reference to `SystemClock_Config'
collect2.exe: error: ld returned 1 exit status
make: *** [makefile:68: CAN_Watchdog.elf] Error 1
"make -j20 all" terminated with exit code 2. Build might be incomplete.
17:32:57 **** Incremental Build of configuration Debug for project Test ****
make -j20 all 
arm-none-eabi-size  Test.elf 
   text	   data	    bss	    dec	    hex	filename
  25992	    104	   2640	  28736	   7040	Test.elf
Finished building: default.size.stdout
 
17:33:01 **** Incremental Build of configuration Debug for project CAN_Watchdog ****
make -j20 all 
arm-none-eabi-gcc -o "CAN_Watchdog.elf" @"objects.list"   -mcpu=cortex-m4 -T"C:\Users\justn\Desktop\Classes\Senior Fall\EC463\EC463_Nascimento_Justin\CAN_Watchdog\CAN_Watchdog\STM32G491RETX_FLASH.ld" --specs=nosys.specs -Wl,-Map="CAN_Watchdog.map" -Wl,--gc-sections -static --specs=nano.specs -mfpu=fpv4-sp-d16 -mfloat-abi=hard -mthumb -Wl,--start-group -lc -lm -Wl,--end-group
C:/ST/STM32CubeIDE_1.19.0/STM32CubeIDE/plugins/com.st.stm32cube.ide.mcu.externaltools.gnu-tools-for-stm32.13.3.rel1.win32_1.0.0.202411081344/tools/bin/../lib/gcc/arm-none-eabi/13.3.1/../../../../arm-none-eabi/bin/ld.exe: ./Core/Src/fdcan.o: in function `MX_FDCAN1_Init':
C:/Users/justn/Desktop/Classes/Senior Fall/EC463/EC463_Nascimento_Justin/CAN_Watchdog/CAN_Watchdog/Debug/../Core/Src/fdcan.c:60:(.text.MX_FDCAN1_Init+0x7c): undefined reference to `Error_Handler'
C:/ST/STM32CubeIDE_1.19.0/STM32CubeIDE/plugins/com.st.stm32cube.ide.mcu.externaltools.gnu-tools-for-stm32.13.3.rel1.win32_1.0.0.202411081344/tools/bin/../lib/gcc/arm-none-eabi/13.3.1/../../../../arm-none-eabi/bin/ld.exe: ./Core/Src/fdcan.o: in function `HAL_FDCAN_MspInit':
C:/Users/justn/Desktop/Classes/Senior Fall/EC463/EC463_Nascimento_Justin/CAN_Watchdog/CAN_Watchdog/Debug/../Core/Src/fdcan.c:85:(.text.HAL_FDCAN_MspInit+0x4c): undefined reference to `Error_Handler'
C:/ST/STM32CubeIDE_1.19.0/STM32CubeIDE/plugins/com.st.stm32cube.ide.mcu.externaltools.gnu-tools-for-stm32.13.3.rel1.win32_1.0.0.202411081344/tools/bin/../lib/gcc/arm-none-eabi/13.3.1/../../../../arm-none-eabi/bin/ld.exe: ./Core/Src/main.o: in function `main':
C:/Users/justn/Desktop/Classes/Senior Fall/EC463/EC463_Nascimento_Justin/CAN_Watchdog/CAN_Watchdog/Debug/../Core/Src/main.c:19:(.text.main+0xa): undefined reference to `SystemClock_Config'
C:/ST/STM32CubeIDE_1.19.0/STM32CubeIDE/plugins/com.st.stm32cube.ide.mcu.externaltools.gnu-tools-for-stm32.13.3.rel1.win32_1.0.0.202411081344/tools/bin/../lib/gcc/arm-none-eabi/13.3.1/../../../../arm-none-eabi/bin/ld.exe: C:/Users/justn/Desktop/Classes/Senior Fall/EC463/EC463_Nascimento_Justin/CAN_Watchdog/CAN_Watchdog/Debug/../Core/Src/main.c:25:(.text.main+0x28): undefined reference to `Error_Handler'
C:/ST/STM32CubeIDE_1.19.0/STM32CubeIDE/plugins/com.st.stm32cube.ide.mcu.externaltools.gnu-tools-for-stm32.13.3.rel1.win32_1.0.0.202411081344/tools/bin/../lib/gcc/arm-none-eabi/13.3.1/../../../../arm-none-eabi/bin/ld.exe: C:/Users/justn/Desktop/Classes/Senior Fall/EC463/EC463_Nascimento_Justin/CAN_Watchdog/CAN_Watchdog/Debug/../Core/Src/main.c:35:(.text.main+0x56): undefined reference to `Error_Handler'
C:/ST/STM32CubeIDE_1.19.0/STM32CubeIDE/plugins/com.st.stm32cube.ide.mcu.externaltools.gnu-tools-for-stm32.13.3.rel1.win32_1.0.0.202411081344/tools/bin/../lib/gcc/arm-none-eabi/13.3.1/../../../../arm-none-eabi/bin/ld.exe: C:/Users/justn/Desktop/Classes/Senior Fall/EC463/EC463_Nascimento_Justin/CAN_Watchdog/CAN_Watchdog/Debug/../Core/Src/main.c:38:(.text.main+0x66): undefined reference to `Error_Handler'
C:/ST/STM32CubeIDE_1.19.0/STM32CubeIDE/plugins/com.st.stm32cube.ide.mcu.externaltools.gnu-tools-for-stm32.13.3.rel1.win32_1.0.0.202411081344/tools/bin/../lib/gcc/arm-none-eabi/13.3.1/../../../../arm-none-eabi/bin/ld.exe: C:/Users/justn/Desktop/Classes/Senior Fall/EC463/EC463_Nascimento_Justin/CAN_Watchdog/CAN_Watchdog/Debug/../Core/Src/main.c:42:(.text.main+0x7a): undefined reference to `Error_Handler'
C:/ST/STM32CubeIDE_1.19.0/STM32CubeIDE/plugins/com.st.stm32cube.ide.mcu.externaltools.gnu-tools-for-stm32.13.3.rel1.win32_1.0.0.202411081344/tools/bin/../lib/gcc/arm-none-eabi/13.3.1/../../../../arm-none-eabi/bin/ld.exe: C:/Users/justn/Desktop/Classes/Senior Fall/EC463/EC463_Nascimento_Justin/CAN_Watchdog/CAN_Watchdog/Debug/../Core/Src/main.c:63:(.text.main+0xd6): undefined reference to `Error_Handler'
C:/ST/STM32CubeIDE_1.19.0/STM32CubeIDE/plugins/com.st.stm32cube.ide.mcu.externaltools.gnu-tools-for-stm32.13.3.rel1.win32_1.0.0.202411081344/tools/bin/../lib/gcc/arm-none-eabi/13.3.1/../../../../arm-none-eabi/bin/ld.exe: ./USB_Device/Target/usbd_conf.o:C:/Users/justn/Desktop/Classes/Senior Fall/EC463/EC463_Nascimento_Justin/CAN_Watchdog/CAN_Watchdog/Debug/../USB_Device/Target/usbd_conf.c:226: more undefined references to `Error_Handler' follow
C:/ST/STM32CubeIDE_1.19.0/STM32CubeIDE/plugins/com.st.stm32cube.ide.mcu.externaltools.gnu-tools-for-stm32.13.3.rel1.win32_1.0.0.202411081344/tools/bin/../lib/gcc/arm-none-eabi/13.3.1/../../../../arm-none-eabi/bin/ld.exe: ./USB_Device/Target/usbd_conf.o: in function `SystemClockConfig_Resume':
C:/Users/justn/Desktop/Classes/Senior Fall/EC463/EC463_Nascimento_Justin/CAN_Watchdog/CAN_Watchdog/Debug/../USB_Device/Target/usbd_conf.c:765:(.text.SystemClockConfig_Resume+0x4): undefined reference to `SystemClock_Config'
collect2.exe: error: ld returned 1 exit status
make: *** [makefile:68: CAN_Watchdog.elf] Error 1
"make -j20 all" terminated with exit code 2. Build might be incomplete.
17:33:54 **** Incremental Build of configuration Debug for project CAN_Watchdog ****
make -j20 all 
arm-none-eabi-gcc "../Core/Src/main.c" -mcpu=cortex-m4 -std=gnu11 -g3 -DDEBUG -DUSE_NUCLEO_64 -DUSE_HAL_DRIVER -DSTM32G491xx -c -I../Core/Inc -IC:/Users/justn/STM32Cube/Repository/STM32Cube_FW_G4_V1.6.1/Drivers/STM32G4xx_HAL_Driver/Inc -IC:/Users/justn/STM32Cube/Repository/STM32Cube_FW_G4_V1.6.1/Drivers/STM32G4xx_HAL_Driver/Inc/Legacy -IC:/Users/justn/STM32Cube/Repository/STM32Cube_FW_G4_V1.6.1/Drivers/BSP/STM32G4xx_Nucleo -IC:/Users/justn/STM32Cube/Repository/STM32Cube_FW_G4_V1.6.1/Drivers/CMSIS/Device/ST/STM32G4xx/Include -IC:/Users/justn/STM32Cube/Repository/STM32Cube_FW_G4_V1.6.1/Drivers/CMSIS/Include -I../USB_Device/App -I../USB_Device/Target -IC:/Users/justn/STM32Cube/Repository/STM32Cube_FW_G4_V1.6.1/Middlewares/ST/STM32_USB_Device_Library/Core/Inc -IC:/Users/justn/STM32Cube/Repository/STM32Cube_FW_G4_V1.6.1/Middlewares/ST/STM32_USB_Device_Library/Class/CDC/Inc -O0 -ffunction-sections -fdata-sections -Wall -fstack-usage -fcyclomatic-complexity -MMD -MP -MF"Core/Src/main.d" -MT"Core/Src/main.o" --specs=nano.specs -mfpu=fpv4-sp-d16 -mfloat-abi=hard -mthumb -o "Core/Src/main.o"
arm-none-eabi-gcc -o "CAN_Watchdog.elf" @"objects.list"   -mcpu=cortex-m4 -T"C:\Users\justn\Desktop\Classes\Senior Fall\EC463\EC463_Nascimento_Justin\CAN_Watchdog\CAN_Watchdog\STM32G491RETX_FLASH.ld" --specs=nosys.specs -Wl,-Map="CAN_Watchdog.map" -Wl,--gc-sections -static --specs=nano.specs -mfpu=fpv4-sp-d16 -mfloat-abi=hard -mthumb -Wl,--start-group -lc -lm -Wl,--end-group
Finished building target: CAN_Watchdog.elf
 
arm-none-eabi-size  CAN_Watchdog.elf 
arm-none-eabi-objdump -h -S CAN_Watchdog.elf  > "CAN_Watchdog.list"
   text	   data	    bss	    dec	    hex	filename
  25396	     20	   2452	  27868	   6cdc	CAN_Watchdog.elf
Finished building: default.size.stdout
 
Finished building: CAN_Watchdog.list
 
17:33:56 **** Incremental Build of configuration Debug for project Test ****
make -j20 all 
arm-none-eabi-size  Test.elf 
   text	   data	    bss	    dec	    hex	filename
  25992	    104	   2640	  28736	   7040	Test.elf
Finished building: default.size.stdout
 
17:33:59 **** Incremental Build of configuration Debug for project CAN_Watchdog ****
make -j20 all 
arm-none-eabi-size  CAN_Watchdog.elf 
   text	   data	    bss	    dec	    hex	filename
  25396	     20	   2452	  27868	   6cdc	CAN_Watchdog.elf
Finished building: default.size.stdout
 
17:36:49 **** Incremental Build of configuration Debug for project CAN_Watchdog ****
make -j20 all 
arm-none-eabi-gcc "../Core/Src/main.c" -mcpu=cortex-m4 -std=gnu11 -g3 -DDEBUG -DUSE_NUCLEO_64 -DUSE_HAL_DRIVER -DSTM32G491xx -c -I../Core/Inc -IC:/Users/justn/STM32Cube/Repository/STM32Cube_FW_G4_V1.6.1/Drivers/STM32G4xx_HAL_Driver/Inc -IC:/Users/justn/STM32Cube/Repository/STM32Cube_FW_G4_V1.6.1/Drivers/STM32G4xx_HAL_Driver/Inc/Legacy -IC:/Users/justn/STM32Cube/Repository/STM32Cube_FW_G4_V1.6.1/Drivers/BSP/STM32G4xx_Nucleo -IC:/Users/justn/STM32Cube/Repository/STM32Cube_FW_G4_V1.6.1/Drivers/CMSIS/Device/ST/STM32G4xx/Include -IC:/Users/justn/STM32Cube/Repository/STM32Cube_FW_G4_V1.6.1/Drivers/CMSIS/Include -I../USB_Device/App -I../USB_Device/Target -IC:/Users/justn/STM32Cube/Repository/STM32Cube_FW_G4_V1.6.1/Middlewares/ST/STM32_USB_Device_Library/Core/Inc -IC:/Users/justn/STM32Cube/Repository/STM32Cube_FW_G4_V1.6.1/Middlewares/ST/STM32_USB_Device_Library/Class/CDC/Inc -O0 -ffunction-sections -fdata-sections -Wall -fstack-usage -fcyclomatic-complexity -MMD -MP -MF"Core/Src/main.d" -MT"Core/Src/main.o" --specs=nano.specs -mfpu=fpv4-sp-d16 -mfloat-abi=hard -mthumb -o "Core/Src/main.o"
arm-none-eabi-gcc -o "CAN_Watchdog.elf" @"objects.list"   -mcpu=cortex-m4 -T"C:\Users\justn\Desktop\Classes\Senior Fall\EC463\EC463_Nascimento_Justin\CAN_Watchdog\CAN_Watchdog\STM32G491RETX_FLASH.ld" --specs=nosys.specs -Wl,-Map="CAN_Watchdog.map" -Wl,--gc-sections -static --specs=nano.specs -mfpu=fpv4-sp-d16 -mfloat-abi=hard -mthumb -Wl,--start-group -lc -lm -Wl,--end-group
Finished building target: CAN_Watchdog.elf
 
arm-none-eabi-size  CAN_Watchdog.elf 
arm-none-eabi-objdump -h -S CAN_Watchdog.elf  > "CAN_Watchdog.list"
   text	   data	    bss	    dec	    hex	filename
  25420	     20	   2452	  27892	   6cf4	CAN_Watchdog.elf
Finished building: default.size.stdout
 
Finished building: CAN_Watchdog.list
 
17:38:01 **** Incremental Build of configuration Debug for project CAN_Watchdog ****
make -j20 all 
arm-none-eabi-gcc "../Core/Src/main.c" -mcpu=cortex-m4 -std=gnu11 -g3 -DDEBUG -DUSE_NUCLEO_64 -DUSE_HAL_DRIVER -DSTM32G491xx -c -I../Core/Inc -IC:/Users/justn/STM32Cube/Repository/STM32Cube_FW_G4_V1.6.1/Drivers/STM32G4xx_HAL_Driver/Inc -IC:/Users/justn/STM32Cube/Repository/STM32Cube_FW_G4_V1.6.1/Drivers/STM32G4xx_HAL_Driver/Inc/Legacy -IC:/Users/justn/STM32Cube/Repository/STM32Cube_FW_G4_V1.6.1/Drivers/BSP/STM32G4xx_Nucleo -IC:/Users/justn/STM32Cube/Repository/STM32Cube_FW_G4_V1.6.1/Drivers/CMSIS/Device/ST/STM32G4xx/Include -IC:/Users/justn/STM32Cube/Repository/STM32Cube_FW_G4_V1.6.1/Drivers/CMSIS/Include -I../USB_Device/App -I../USB_Device/Target -IC:/Users/justn/STM32Cube/Repository/STM32Cube_FW_G4_V1.6.1/Middlewares/ST/STM32_USB_Device_Library/Core/Inc -IC:/Users/justn/STM32Cube/Repository/STM32Cube_FW_G4_V1.6.1/Middlewares/ST/STM32_USB_Device_Library/Class/CDC/Inc -O0 -ffunction-sections -fdata-sections -Wall -fstack-usage -fcyclomatic-complexity -MMD -MP -MF"Core/Src/main.d" -MT"Core/Src/main.o" --specs=nano.specs -mfpu=fpv4-sp-d16 -mfloat-abi=hard -mthumb -o "Core/Src/main.o"
arm-none-eabi-gcc -o "CAN_Watchdog.elf" @"objects.list"   -mcpu=cortex-m4 -T"C:\Users\justn\Desktop\Classes\Senior Fall\EC463\EC463_Nascimento_Justin\CAN_Watchdog\CAN_Watchdog\STM32G491RETX_FLASH.ld" --specs=nosys.specs -Wl,-Map="CAN_Watchdog.map" -Wl,--gc-sections -static --specs=nano.specs -mfpu=fpv4-sp-d16 -mfloat-abi=hard -mthumb -Wl,--start-group -lc -lm -Wl,--end-group
C:/ST/STM32CubeIDE_1.19.0/STM32CubeIDE/plugins/com.st.stm32cube.ide.mcu.externaltools.gnu-tools-for-stm32.13.3.rel1.win32_1.0.0.202411081344/tools/bin/../lib/gcc/arm-none-eabi/13.3.1/../../../../arm-none-eabi/bin/ld.exe: ./Core/Src/main.o:C:/Users/justn/Desktop/Classes/Senior Fall/EC463/EC463_Nascimento_Justin/CAN_Watchdog/CAN_Watchdog/Debug/../Core/Src/main.c:11: multiple definition of `hfdcan1'; ./Core/Src/fdcan.o:C:/Users/justn/Desktop/Classes/Senior Fall/EC463/EC463_Nascimento_Justin/CAN_Watchdog/CAN_Watchdog/Debug/../Core/Src/fdcan.c:27: first defined here
C:/ST/STM32CubeIDE_1.19.0/STM32CubeIDE/plugins/com.st.stm32cube.ide.mcu.externaltools.gnu-tools-for-stm32.13.3.rel1.win32_1.0.0.202411081344/tools/bin/../lib/gcc/arm-none-eabi/13.3.1/../../../../arm-none-eabi/bin/ld.exe: ./Core/Src/main.o: in function `MX_GPIO_Init':
C:/Users/justn/Desktop/Classes/Senior Fall/EC463/EC463_Nascimento_Justin/CAN_Watchdog/CAN_Watchdog/Debug/../Core/Src/main.c:93: multiple definition of `MX_GPIO_Init'; ./Core/Src/gpio.o:C:/Users/justn/Desktop/Classes/Senior Fall/EC463/EC463_Nascimento_Justin/CAN_Watchdog/CAN_Watchdog/Debug/../Core/Src/gpio.c:43: first defined here
C:/ST/STM32CubeIDE_1.19.0/STM32CubeIDE/plugins/com.st.stm32cube.ide.mcu.externaltools.gnu-tools-for-stm32.13.3.rel1.win32_1.0.0.202411081344/tools/bin/../lib/gcc/arm-none-eabi/13.3.1/../../../../arm-none-eabi/bin/ld.exe: ./Core/Src/main.o: in function `MX_FDCAN1_Init':
C:/Users/justn/Desktop/Classes/Senior Fall/EC463/EC463_Nascimento_Justin/CAN_Watchdog/CAN_Watchdog/Debug/../Core/Src/main.c:106: multiple definition of `MX_FDCAN1_Init'; ./Core/Src/fdcan.o:C:/Users/justn/Desktop/Classes/Senior Fall/EC463/EC463_Nascimento_Justin/CAN_Watchdog/CAN_Watchdog/Debug/../Core/Src/fdcan.c:31: first defined here
collect2.exe: error: ld returned 1 exit status
make: *** [makefile:68: CAN_Watchdog.elf] Error 1
"make -j20 all" terminated with exit code 2. Build might be incomplete.
17:40:43 **** Incremental Build of configuration Debug for project CAN_Watchdog ****
make -j20 all 
arm-none-eabi-gcc "../Core/Src/main.c" -mcpu=cortex-m4 -std=gnu11 -g3 -DDEBUG -DUSE_NUCLEO_64 -DUSE_HAL_DRIVER -DSTM32G491xx -c -I../Core/Inc -IC:/Users/justn/STM32Cube/Repository/STM32Cube_FW_G4_V1.6.1/Drivers/STM32G4xx_HAL_Driver/Inc -IC:/Users/justn/STM32Cube/Repository/STM32Cube_FW_G4_V1.6.1/Drivers/STM32G4xx_HAL_Driver/Inc/Legacy -IC:/Users/justn/STM32Cube/Repository/STM32Cube_FW_G4_V1.6.1/Drivers/BSP/STM32G4xx_Nucleo -IC:/Users/justn/STM32Cube/Repository/STM32Cube_FW_G4_V1.6.1/Drivers/CMSIS/Device/ST/STM32G4xx/Include -IC:/Users/justn/STM32Cube/Repository/STM32Cube_FW_G4_V1.6.1/Drivers/CMSIS/Include -I../USB_Device/App -I../USB_Device/Target -IC:/Users/justn/STM32Cube/Repository/STM32Cube_FW_G4_V1.6.1/Middlewares/ST/STM32_USB_Device_Library/Core/Inc -IC:/Users/justn/STM32Cube/Repository/STM32Cube_FW_G4_V1.6.1/Middlewares/ST/STM32_USB_Device_Library/Class/CDC/Inc -O0 -ffunction-sections -fdata-sections -Wall -fstack-usage -fcyclomatic-complexity -MMD -MP -MF"Core/Src/main.d" -MT"Core/Src/main.o" --specs=nano.specs -mfpu=fpv4-sp-d16 -mfloat-abi=hard -mthumb -o "Core/Src/main.o"
../Core/Src/main.c: In function 'main':
../Core/Src/main.c:65:35: error: 'hfdcan' undeclared (first use in this function); did you mean 'hfdcan1'?
   65 |         if(HAL_FDCAN_GetRxMessage(hfdcan, FDCAN_RX_FIFO0, &RxHeader, RxData) == HAL_OK)
      |                                   ^~~~~~
      |                                   hfdcan1
../Core/Src/main.c:65:35: note: each undeclared identifier is reported only once for each function it appears in
make: *** [Core/Src/subdir.mk:40: Core/Src/main.o] Error 1
"make -j20 all" terminated with exit code 2. Build might be incomplete.
17:41:39 **** Incremental Build of configuration Debug for project CAN_Watchdog ****
make -j20 all 
arm-none-eabi-gcc "../Core/Src/main.c" -mcpu=cortex-m4 -std=gnu11 -g3 -DDEBUG -DUSE_NUCLEO_64 -DUSE_HAL_DRIVER -DSTM32G491xx -c -I../Core/Inc -IC:/Users/justn/STM32Cube/Repository/STM32Cube_FW_G4_V1.6.1/Drivers/STM32G4xx_HAL_Driver/Inc -IC:/Users/justn/STM32Cube/Repository/STM32Cube_FW_G4_V1.6.1/Drivers/STM32G4xx_HAL_Driver/Inc/Legacy -IC:/Users/justn/STM32Cube/Repository/STM32Cube_FW_G4_V1.6.1/Drivers/BSP/STM32G4xx_Nucleo -IC:/Users/justn/STM32Cube/Repository/STM32Cube_FW_G4_V1.6.1/Drivers/CMSIS/Device/ST/STM32G4xx/Include -IC:/Users/justn/STM32Cube/Repository/STM32Cube_FW_G4_V1.6.1/Drivers/CMSIS/Include -I../USB_Device/App -I../USB_Device/Target -IC:/Users/justn/STM32Cube/Repository/STM32Cube_FW_G4_V1.6.1/Middlewares/ST/STM32_USB_Device_Library/Core/Inc -IC:/Users/justn/STM32Cube/Repository/STM32Cube_FW_G4_V1.6.1/Middlewares/ST/STM32_USB_Device_Library/Class/CDC/Inc -O0 -ffunction-sections -fdata-sections -Wall -fstack-usage -fcyclomatic-complexity -MMD -MP -MF"Core/Src/main.d" -MT"Core/Src/main.o" --specs=nano.specs -mfpu=fpv4-sp-d16 -mfloat-abi=hard -mthumb -o "Core/Src/main.o"
../Core/Src/main.c: In function 'main':
../Core/Src/main.c:62:58: error: 'RxHeader' undeclared (first use in this function); did you mean 'TxHeader'?
   62 |     if(HAL_FDCAN_GetRxMessage(&hfdcan1, FDCAN_RX_FIFO0, &RxHeader, RxData) == HAL_OK)
      |                                                          ^~~~~~~~
      |                                                          TxHeader
../Core/Src/main.c:62:58: note: each undeclared identifier is reported only once for each function it appears in
../Core/Src/main.c:62:68: error: 'RxData' undeclared (first use in this function); did you mean 'TxData'?
   62 |     if(HAL_FDCAN_GetRxMessage(&hfdcan1, FDCAN_RX_FIFO0, &RxHeader, RxData) == HAL_OK)
      |                                                                    ^~~~~~
      |                                                                    TxData
make: *** [Core/Src/subdir.mk:40: Core/Src/main.o] Error 1
"make -j20 all" terminated with exit code 2. Build might be incomplete.
17:41:40 **** Incremental Build of configuration Debug for project Test ****
make -j20 all 
arm-none-eabi-size  Test.elf 
   text	   data	    bss	    dec	    hex	filename
  25992	    104	   2640	  28736	   7040	Test.elf
Finished building: default.size.stdout
 
17:41:47 **** Incremental Build of configuration Debug for project CAN_Watchdog ****
make -j20 all 
arm-none-eabi-gcc "../Core/Src/main.c" -mcpu=cortex-m4 -std=gnu11 -g3 -DDEBUG -DUSE_NUCLEO_64 -DUSE_HAL_DRIVER -DSTM32G491xx -c -I../Core/Inc -IC:/Users/justn/STM32Cube/Repository/STM32Cube_FW_G4_V1.6.1/Drivers/STM32G4xx_HAL_Driver/Inc -IC:/Users/justn/STM32Cube/Repository/STM32Cube_FW_G4_V1.6.1/Drivers/STM32G4xx_HAL_Driver/Inc/Legacy -IC:/Users/justn/STM32Cube/Repository/STM32Cube_FW_G4_V1.6.1/Drivers/BSP/STM32G4xx_Nucleo -IC:/Users/justn/STM32Cube/Repository/STM32Cube_FW_G4_V1.6.1/Drivers/CMSIS/Device/ST/STM32G4xx/Include -IC:/Users/justn/STM32Cube/Repository/STM32Cube_FW_G4_V1.6.1/Drivers/CMSIS/Include -I../USB_Device/App -I../USB_Device/Target -IC:/Users/justn/STM32Cube/Repository/STM32Cube_FW_G4_V1.6.1/Middlewares/ST/STM32_USB_Device_Library/Core/Inc -IC:/Users/justn/STM32Cube/Repository/STM32Cube_FW_G4_V1.6.1/Middlewares/ST/STM32_USB_Device_Library/Class/CDC/Inc -O0 -ffunction-sections -fdata-sections -Wall -fstack-usage -fcyclomatic-complexity -MMD -MP -MF"Core/Src/main.d" -MT"Core/Src/main.o" --specs=nano.specs -mfpu=fpv4-sp-d16 -mfloat-abi=hard -mthumb -o "Core/Src/main.o"
../Core/Src/main.c: In function 'main':
../Core/Src/main.c:64:62: error: 'RxHeader' undeclared (first use in this function); did you mean 'TxHeader'?
   64 |         if(HAL_FDCAN_GetRxMessage(&hfdcan1, FDCAN_RX_FIFO0, &RxHeader, RxData) == HAL_OK)
      |                                                              ^~~~~~~~
      |                                                              TxHeader
../Core/Src/main.c:64:62: note: each undeclared identifier is reported only once for each function it appears in
../Core/Src/main.c:64:72: error: 'RxData' undeclared (first use in this function); did you mean 'TxData'?
   64 |         if(HAL_FDCAN_GetRxMessage(&hfdcan1, FDCAN_RX_FIFO0, &RxHeader, RxData) == HAL_OK)
      |                                                                        ^~~~~~
      |                                                                        TxData
make: *** [Core/Src/subdir.mk:40: Core/Src/main.o] Error 1
"make -j20 all" terminated with exit code 2. Build might be incomplete.
17:41:47 **** Incremental Build of configuration Debug for project Test ****
make -j20 all 
arm-none-eabi-size  Test.elf 
   text	   data	    bss	    dec	    hex	filename
  25992	    104	   2640	  28736	   7040	Test.elf
Finished building: default.size.stdout
 
17:42:22 **** Incremental Build of configuration Debug for project CAN_Watchdog ****
make -j20 all 
arm-none-eabi-gcc "../Core/Src/main.c" -mcpu=cortex-m4 -std=gnu11 -g3 -DDEBUG -DUSE_NUCLEO_64 -DUSE_HAL_DRIVER -DSTM32G491xx -c -I../Core/Inc -IC:/Users/justn/STM32Cube/Repository/STM32Cube_FW_G4_V1.6.1/Drivers/STM32G4xx_HAL_Driver/Inc -IC:/Users/justn/STM32Cube/Repository/STM32Cube_FW_G4_V1.6.1/Drivers/STM32G4xx_HAL_Driver/Inc/Legacy -IC:/Users/justn/STM32Cube/Repository/STM32Cube_FW_G4_V1.6.1/Drivers/BSP/STM32G4xx_Nucleo -IC:/Users/justn/STM32Cube/Repository/STM32Cube_FW_G4_V1.6.1/Drivers/CMSIS/Device/ST/STM32G4xx/Include -IC:/Users/justn/STM32Cube/Repository/STM32Cube_FW_G4_V1.6.1/Drivers/CMSIS/Include -I../USB_Device/App -I../USB_Device/Target -IC:/Users/justn/STM32Cube/Repository/STM32Cube_FW_G4_V1.6.1/Middlewares/ST/STM32_USB_Device_Library/Core/Inc -IC:/Users/justn/STM32Cube/Repository/STM32Cube_FW_G4_V1.6.1/Middlewares/ST/STM32_USB_Device_Library/Class/CDC/Inc -O0 -ffunction-sections -fdata-sections -Wall -fstack-usage -fcyclomatic-complexity -MMD -MP -MF"Core/Src/main.d" -MT"Core/Src/main.o" --specs=nano.specs -mfpu=fpv4-sp-d16 -mfloat-abi=hard -mthumb -o "Core/Src/main.o"
arm-none-eabi-gcc -o "CAN_Watchdog.elf" @"objects.list"   -mcpu=cortex-m4 -T"C:\Users\justn\Desktop\Classes\Senior Fall\EC463\EC463_Nascimento_Justin\CAN_Watchdog\CAN_Watchdog\STM32G491RETX_FLASH.ld" --specs=nosys.specs -Wl,-Map="CAN_Watchdog.map" -Wl,--gc-sections -static --specs=nano.specs -mfpu=fpv4-sp-d16 -mfloat-abi=hard -mthumb -Wl,--start-group -lc -lm -Wl,--end-group
Finished building target: CAN_Watchdog.elf
 
arm-none-eabi-size  CAN_Watchdog.elf 
arm-none-eabi-objdump -h -S CAN_Watchdog.elf  > "CAN_Watchdog.list"
   text	   data	    bss	    dec	    hex	filename
  25020	     12	   2452	  27484	   6b5c	CAN_Watchdog.elf
Finished building: default.size.stdout
 
Finished building: CAN_Watchdog.list
 
17:44:23 **** Incremental Build of configuration Debug for project CAN_Watchdog ****
make -j20 all 
arm-none-eabi-gcc "../Core/Src/main.c" -mcpu=cortex-m4 -std=gnu11 -g3 -DDEBUG -DUSE_NUCLEO_64 -DUSE_HAL_DRIVER -DSTM32G491xx -c -I../Core/Inc -IC:/Users/justn/STM32Cube/Repository/STM32Cube_FW_G4_V1.6.1/Drivers/STM32G4xx_HAL_Driver/Inc -IC:/Users/justn/STM32Cube/Repository/STM32Cube_FW_G4_V1.6.1/Drivers/STM32G4xx_HAL_Driver/Inc/Legacy -IC:/Users/justn/STM32Cube/Repository/STM32Cube_FW_G4_V1.6.1/Drivers/BSP/STM32G4xx_Nucleo -IC:/Users/justn/STM32Cube/Repository/STM32Cube_FW_G4_V1.6.1/Drivers/CMSIS/Device/ST/STM32G4xx/Include -IC:/Users/justn/STM32Cube/Repository/STM32Cube_FW_G4_V1.6.1/Drivers/CMSIS/Include -I../USB_Device/App -I../USB_Device/Target -IC:/Users/justn/STM32Cube/Repository/STM32Cube_FW_G4_V1.6.1/Middlewares/ST/STM32_USB_Device_Library/Core/Inc -IC:/Users/justn/STM32Cube/Repository/STM32Cube_FW_G4_V1.6.1/Middlewares/ST/STM32_USB_Device_Library/Class/CDC/Inc -O0 -ffunction-sections -fdata-sections -Wall -fstack-usage -fcyclomatic-complexity -MMD -MP -MF"Core/Src/main.d" -MT"Core/Src/main.o" --specs=nano.specs -mfpu=fpv4-sp-d16 -mfloat-abi=hard -mthumb -o "Core/Src/main.o"
arm-none-eabi-gcc -o "CAN_Watchdog.elf" @"objects.list"   -mcpu=cortex-m4 -T"C:\Users\justn\Desktop\Classes\Senior Fall\EC463\EC463_Nascimento_Justin\CAN_Watchdog\CAN_Watchdog\STM32G491RETX_FLASH.ld" --specs=nosys.specs -Wl,-Map="CAN_Watchdog.map" -Wl,--gc-sections -static --specs=nano.specs -mfpu=fpv4-sp-d16 -mfloat-abi=hard -mthumb -Wl,--start-group -lc -lm -Wl,--end-group
Finished building target: CAN_Watchdog.elf
 
arm-none-eabi-size  CAN_Watchdog.elf 
arm-none-eabi-objdump -h -S CAN_Watchdog.elf  > "CAN_Watchdog.list"
   text	   data	    bss	    dec	    hex	filename
  32796	    104	   2752	  35652	   8b44	CAN_Watchdog.elf
Finished building: default.size.stdout
 
Finished building: CAN_Watchdog.list
 
17:44:25 **** Incremental Build of configuration Debug for project Test ****
make -j20 all 
arm-none-eabi-size  Test.elf 
   text	   data	    bss	    dec	    hex	filename
  25992	    104	   2640	  28736	   7040	Test.elf
Finished building: default.size.stdout
 
17:44:32 **** Incremental Build of configuration Debug for project CAN_Watchdog ****
make -j20 all 
arm-none-eabi-size  CAN_Watchdog.elf 
   text	   data	    bss	    dec	    hex	filename
  32796	    104	   2752	  35652	   8b44	CAN_Watchdog.elf
Finished building: default.size.stdout
 
17:52:14 **** Incremental Build of configuration Debug for project CAN_Watchdog ****
make -j20 all 
arm-none-eabi-gcc "../Core/Src/main.c" -mcpu=cortex-m4 -std=gnu11 -g3 -DDEBUG -DUSE_NUCLEO_64 -DUSE_HAL_DRIVER -DSTM32G491xx -c -I../Core/Inc -IC:/Users/justn/STM32Cube/Repository/STM32Cube_FW_G4_V1.6.1/Drivers/STM32G4xx_HAL_Driver/Inc -IC:/Users/justn/STM32Cube/Repository/STM32Cube_FW_G4_V1.6.1/Drivers/STM32G4xx_HAL_Driver/Inc/Legacy -IC:/Users/justn/STM32Cube/Repository/STM32Cube_FW_G4_V1.6.1/Drivers/BSP/STM32G4xx_Nucleo -IC:/Users/justn/STM32Cube/Repository/STM32Cube_FW_G4_V1.6.1/Drivers/CMSIS/Device/ST/STM32G4xx/Include -IC:/Users/justn/STM32Cube/Repository/STM32Cube_FW_G4_V1.6.1/Drivers/CMSIS/Include -I../USB_Device/App -I../USB_Device/Target -IC:/Users/justn/STM32Cube/Repository/STM32Cube_FW_G4_V1.6.1/Middlewares/ST/STM32_USB_Device_Library/Core/Inc -IC:/Users/justn/STM32Cube/Repository/STM32Cube_FW_G4_V1.6.1/Middlewares/ST/STM32_USB_Device_Library/Class/CDC/Inc -O0 -ffunction-sections -fdata-sections -Wall -fstack-usage -fcyclomatic-complexity -MMD -MP -MF"Core/Src/main.d" -MT"Core/Src/main.o" --specs=nano.specs -mfpu=fpv4-sp-d16 -mfloat-abi=hard -mthumb -o "Core/Src/main.o"
arm-none-eabi-gcc -o "CAN_Watchdog.elf" @"objects.list"   -mcpu=cortex-m4 -T"C:\Users\justn\Desktop\Classes\Senior Fall\EC463\EC463_Nascimento_Justin\CAN_Watchdog\CAN_Watchdog\STM32G491RETX_FLASH.ld" --specs=nosys.specs -Wl,-Map="CAN_Watchdog.map" -Wl,--gc-sections -static --specs=nano.specs -mfpu=fpv4-sp-d16 -mfloat-abi=hard -mthumb -Wl,--start-group -lc -lm -Wl,--end-group
Finished building target: CAN_Watchdog.elf
 
arm-none-eabi-size  CAN_Watchdog.elf 
arm-none-eabi-objdump -h -S CAN_Watchdog.elf  > "CAN_Watchdog.list"
   text	   data	    bss	    dec	    hex	filename
  33336	    104	   2752	  36192	   8d60	CAN_Watchdog.elf
Finished building: default.size.stdout
 
Finished building: CAN_Watchdog.list
 
17:56:06 **** Incremental Build of configuration Debug for project CAN_Watchdog ****
make -j20 all 
arm-none-eabi-gcc "../Core/Src/main.c" -mcpu=cortex-m4 -std=gnu11 -g3 -DDEBUG -DUSE_NUCLEO_64 -DUSE_HAL_DRIVER -DSTM32G491xx -c -I../Core/Inc -IC:/Users/justn/STM32Cube/Repository/STM32Cube_FW_G4_V1.6.1/Drivers/STM32G4xx_HAL_Driver/Inc -IC:/Users/justn/STM32Cube/Repository/STM32Cube_FW_G4_V1.6.1/Drivers/STM32G4xx_HAL_Driver/Inc/Legacy -IC:/Users/justn/STM32Cube/Repository/STM32Cube_FW_G4_V1.6.1/Drivers/BSP/STM32G4xx_Nucleo -IC:/Users/justn/STM32Cube/Repository/STM32Cube_FW_G4_V1.6.1/Drivers/CMSIS/Device/ST/STM32G4xx/Include -IC:/Users/justn/STM32Cube/Repository/STM32Cube_FW_G4_V1.6.1/Drivers/CMSIS/Include -I../USB_Device/App -I../USB_Device/Target -IC:/Users/justn/STM32Cube/Repository/STM32Cube_FW_G4_V1.6.1/Middlewares/ST/STM32_USB_Device_Library/Core/Inc -IC:/Users/justn/STM32Cube/Repository/STM32Cube_FW_G4_V1.6.1/Middlewares/ST/STM32_USB_Device_Library/Class/CDC/Inc -O0 -ffunction-sections -fdata-sections -Wall -fstack-usage -fcyclomatic-complexity -MMD -MP -MF"Core/Src/main.d" -MT"Core/Src/main.o" --specs=nano.specs -mfpu=fpv4-sp-d16 -mfloat-abi=hard -mthumb -o "Core/Src/main.o"
arm-none-eabi-gcc -o "CAN_Watchdog.elf" @"objects.list"   -mcpu=cortex-m4 -T"C:\Users\justn\Desktop\Classes\Senior Fall\EC463\EC463_Nascimento_Justin\CAN_Watchdog\CAN_Watchdog\STM32G491RETX_FLASH.ld" --specs=nosys.specs -Wl,-Map="CAN_Watchdog.map" -Wl,--gc-sections -static --specs=nano.specs -mfpu=fpv4-sp-d16 -mfloat-abi=hard -mthumb -Wl,--start-group -lc -lm -Wl,--end-group
Finished building target: CAN_Watchdog.elf
 
arm-none-eabi-size  CAN_Watchdog.elf 
arm-none-eabi-objdump -h -S CAN_Watchdog.elf  > "CAN_Watchdog.list"
   text	   data	    bss	    dec	    hex	filename
  33336	    104	   2752	  36192	   8d60	CAN_Watchdog.elf
Finished building: default.size.stdout
 
Finished building: CAN_Watchdog.list
 
18:02:27 **** Incremental Build of configuration Debug for project CAN_Watchdog ****
make -j20 all 
arm-none-eabi-gcc "../Core/Src/main.c" -mcpu=cortex-m4 -std=gnu11 -g3 -DDEBUG -DUSE_NUCLEO_64 -DUSE_HAL_DRIVER -DSTM32G491xx -c -I../Core/Inc -IC:/Users/justn/STM32Cube/Repository/STM32Cube_FW_G4_V1.6.1/Drivers/STM32G4xx_HAL_Driver/Inc -IC:/Users/justn/STM32Cube/Repository/STM32Cube_FW_G4_V1.6.1/Drivers/STM32G4xx_HAL_Driver/Inc/Legacy -IC:/Users/justn/STM32Cube/Repository/STM32Cube_FW_G4_V1.6.1/Drivers/BSP/STM32G4xx_Nucleo -IC:/Users/justn/STM32Cube/Repository/STM32Cube_FW_G4_V1.6.1/Drivers/CMSIS/Device/ST/STM32G4xx/Include -IC:/Users/justn/STM32Cube/Repository/STM32Cube_FW_G4_V1.6.1/Drivers/CMSIS/Include -I../USB_Device/App -I../USB_Device/Target -IC:/Users/justn/STM32Cube/Repository/STM32Cube_FW_G4_V1.6.1/Middlewares/ST/STM32_USB_Device_Library/Core/Inc -IC:/Users/justn/STM32Cube/Repository/STM32Cube_FW_G4_V1.6.1/Middlewares/ST/STM32_USB_Device_Library/Class/CDC/Inc -O0 -ffunction-sections -fdata-sections -Wall -fstack-usage -fcyclomatic-complexity -MMD -MP -MF"Core/Src/main.d" -MT"Core/Src/main.o" --specs=nano.specs -mfpu=fpv4-sp-d16 -mfloat-abi=hard -mthumb -o "Core/Src/main.o"
../Core/Src/main.c: In function 'main':
../Core/Src/main.c:96:10: warning: unused variable 'TxData' [-Wunused-variable]
   96 |  uint8_t TxData[8] = {0xAA, 0xBB, 0xCC, 0xDD, 0xEE, 0xFF, 0x11, 0x22};
      |          ^~~~~~
../Core/Src/main.c:95:24: warning: variable 'TxHeader' set but not used [-Wunused-but-set-variable]
   95 |  FDCAN_TxHeaderTypeDef TxHeader;
      |                        ^~~~~~~~
arm-none-eabi-gcc -o "CAN_Watchdog.elf" @"objects.list"   -mcpu=cortex-m4 -T"C:\Users\justn\Desktop\Classes\Senior Fall\EC463\EC463_Nascimento_Justin\CAN_Watchdog\CAN_Watchdog\STM32G491RETX_FLASH.ld" --specs=nosys.specs -Wl,-Map="CAN_Watchdog.map" -Wl,--gc-sections -static --specs=nano.specs -mfpu=fpv4-sp-d16 -mfloat-abi=hard -mthumb -Wl,--start-group -lc -lm -Wl,--end-group
Finished building target: CAN_Watchdog.elf
 
arm-none-eabi-size  CAN_Watchdog.elf 
arm-none-eabi-objdump -h -S CAN_Watchdog.elf  > "CAN_Watchdog.list"
   text	   data	    bss	    dec	    hex	filename
  32860	    104	   2752	  35716	   8b84	CAN_Watchdog.elf
Finished building: default.size.stdout
 
Finished building: CAN_Watchdog.list
 
18:11:58 **** Incremental Build of configuration Debug for project CAN_Watchdog ****
make -j20 all 
arm-none-eabi-size  CAN_Watchdog.elf 
   text	   data	    bss	    dec	    hex	filename
  32860	    104	   2752	  35716	   8b84	CAN_Watchdog.elf
Finished building: default.size.stdout
 
18:16:45 **** Incremental Build of configuration Debug for project CAN_Watchdog ****
make -j20 all 
arm-none-eabi-size  CAN_Watchdog.elf 
   text	   data	    bss	    dec	    hex	filename
  32860	    104	   2752	  35716	   8b84	CAN_Watchdog.elf
Finished building: default.size.stdout
 
16:27:33 **** Incremental Build of configuration Debug for project CAN_Watchdog ****
make -j20 all 
arm-none-eabi-size  CAN_Watchdog.elf 
   text	   data	    bss	    dec	    hex	filename
  32860	    104	   2752	  35716	   8b84	CAN_Watchdog.elf
Finished building: default.size.stdout
 
16:34:45 **** Incremental Build of configuration Debug for project CAN_Watchdog ****
make -j20 all 
arm-none-eabi-size  CAN_Watchdog.elf 
   text	   data	    bss	    dec	    hex	filename
  32860	    104	   2752	  35716	   8b84	CAN_Watchdog.elf
Finished building: default.size.stdout
 
17:01:33 **** Incremental Build of configuration Debug for project CAN_Watchdog ****
make -j20 all 
arm-none-eabi-size  CAN_Watchdog.elf 
   text	   data	    bss	    dec	    hex	filename
  32860	    104	   2752	  35716	   8b84	CAN_Watchdog.elf
Finished building: default.size.stdout
 
17:25:35 **** Incremental Build of configuration Debug for project CAN_Watchdog ****
make -j20 all 
arm-none-eabi-size  CAN_Watchdog.elf 
   text	   data	    bss	    dec	    hex	filename
  32860	    104	   2752	  35716	   8b84	CAN_Watchdog.elf
Finished building: default.size.stdout
 
17:28:13 **** Incremental Build of configuration Debug for project CAN_Watchdog ****
make -j20 all 
arm-none-eabi-size  CAN_Watchdog.elf 
   text	   data	    bss	    dec	    hex	filename
  32860	    104	   2752	  35716	   8b84	CAN_Watchdog.elf
Finished building: default.size.stdout
 
17:32:48 **** Incremental Build of configuration Debug for project CAN_Watchdog ****
make -j20 all 
arm-none-eabi-size  CAN_Watchdog.elf 
   text	   data	    bss	    dec	    hex	filename
  32860	    104	   2752	  35716	   8b84	CAN_Watchdog.elf
Finished building: default.size.stdout
 
17:35:48 **** Incremental Build of configuration Debug for project CAN_Watchdog ****
make -j20 all 
arm-none-eabi-size  CAN_Watchdog.elf 
   text	   data	    bss	    dec	    hex	filename
  32860	    104	   2752	  35716	   8b84	CAN_Watchdog.elf
Finished building: default.size.stdout
 
17:47:49 **** Incremental Build of configuration Debug for project CAN_Watchdog ****
make -j20 all 
arm-none-eabi-size  CAN_Watchdog.elf 
   text	   data	    bss	    dec	    hex	filename
  32860	    104	   2752	  35716	   8b84	CAN_Watchdog.elf
Finished building: default.size.stdout
 
17:49:06 **** Incremental Build of configuration Debug for project CAN_Watchdog ****
make -j20 all 
arm-none-eabi-size  CAN_Watchdog.elf 
   text	   data	    bss	    dec	    hex	filename
  32860	    104	   2752	  35716	   8b84	CAN_Watchdog.elf
Finished building: default.size.stdout
 
15:14:36 **** Incremental Build of configuration Debug for project CAN_Watchdog ****
make -j20 all 
arm-none-eabi-size  CAN_Watchdog.elf 
   text	   data	    bss	    dec	    hex	filename
  32860	    104	   2752	  35716	   8b84	CAN_Watchdog.elf
Finished building: default.size.stdout
 
15:53:19 **** Incremental Build of configuration Debug for project CAN_Watchdog ****
make -j20 all 
arm-none-eabi-size  CAN_Watchdog.elf 
   text	   data	    bss	    dec	    hex	filename
  32860	    104	   2752	  35716	   8b84	CAN_Watchdog.elf
Finished building: default.size.stdout
 
12:44:37 **** Incremental Build of configuration Debug for project CAN_Watchdog ****
make -j20 all 
arm-none-eabi-size  CAN_Watchdog.elf 
   text	   data	    bss	    dec	    hex	filename
  32860	    104	   2752	  35716	   8b84	CAN_Watchdog.elf
Finished building: default.size.stdout
 
13:07:46 **** Incremental Build of configuration Debug for project CAN_Watchdog ****
make -j20 all 
arm-none-eabi-gcc "../Core/Src/fdcan.c" -mcpu=cortex-m4 -std=gnu11 -g3 -DDEBUG -DUSE_NUCLEO_64 -DUSE_HAL_DRIVER -DSTM32G491xx -c -I../Core/Inc -IC:/Users/justn/STM32Cube/Repository/STM32Cube_FW_G4_V1.6.1/Drivers/STM32G4xx_HAL_Driver/Inc -IC:/Users/justn/STM32Cube/Repository/STM32Cube_FW_G4_V1.6.1/Drivers/STM32G4xx_HAL_Driver/Inc/Legacy -IC:/Users/justn/STM32Cube/Repository/STM32Cube_FW_G4_V1.6.1/Drivers/BSP/STM32G4xx_Nucleo -IC:/Users/justn/STM32Cube/Repository/STM32Cube_FW_G4_V1.6.1/Drivers/CMSIS/Device/ST/STM32G4xx/Include -IC:/Users/justn/STM32Cube/Repository/STM32Cube_FW_G4_V1.6.1/Drivers/CMSIS/Include -I../USB_Device/App -I../USB_Device/Target -IC:/Users/justn/STM32Cube/Repository/STM32Cube_FW_G4_V1.6.1/Middlewares/ST/STM32_USB_Device_Library/Core/Inc -IC:/Users/justn/STM32Cube/Repository/STM32Cube_FW_G4_V1.6.1/Middlewares/ST/STM32_USB_Device_Library/Class/CDC/Inc -O0 -ffunction-sections -fdata-sections -Wall -fstack-usage -fcyclomatic-complexity -MMD -MP -MF"Core/Src/fdcan.d" -MT"Core/Src/fdcan.o" --specs=nano.specs -mfpu=fpv4-sp-d16 -mfloat-abi=hard -mthumb -o "Core/Src/fdcan.o"
arm-none-eabi-gcc "../Core/Src/main.c" -mcpu=cortex-m4 -std=gnu11 -g3 -DDEBUG -DUSE_NUCLEO_64 -DUSE_HAL_DRIVER -DSTM32G491xx -c -I../Core/Inc -IC:/Users/justn/STM32Cube/Repository/STM32Cube_FW_G4_V1.6.1/Drivers/STM32G4xx_HAL_Driver/Inc -IC:/Users/justn/STM32Cube/Repository/STM32Cube_FW_G4_V1.6.1/Drivers/STM32G4xx_HAL_Driver/Inc/Legacy -IC:/Users/justn/STM32Cube/Repository/STM32Cube_FW_G4_V1.6.1/Drivers/BSP/STM32G4xx_Nucleo -IC:/Users/justn/STM32Cube/Repository/STM32Cube_FW_G4_V1.6.1/Drivers/CMSIS/Device/ST/STM32G4xx/Include -IC:/Users/justn/STM32Cube/Repository/STM32Cube_FW_G4_V1.6.1/Drivers/CMSIS/Include -I../USB_Device/App -I../USB_Device/Target -IC:/Users/justn/STM32Cube/Repository/STM32Cube_FW_G4_V1.6.1/Middlewares/ST/STM32_USB_Device_Library/Core/Inc -IC:/Users/justn/STM32Cube/Repository/STM32Cube_FW_G4_V1.6.1/Middlewares/ST/STM32_USB_Device_Library/Class/CDC/Inc -O0 -ffunction-sections -fdata-sections -Wall -fstack-usage -fcyclomatic-complexity -MMD -MP -MF"Core/Src/main.d" -MT"Core/Src/main.o" --specs=nano.specs -mfpu=fpv4-sp-d16 -mfloat-abi=hard -mthumb -o "Core/Src/main.o"
../Core/Src/fdcan.c: In function 'MX_FDCAN1_Init':
../Core/Src/fdcan.c:40:15: error: 'FDCAN_InitTypeDef' has no member named 'TxSelfReception'
   40 |   hfdcan1.Init.TxSelfReception = ENABLE;
      |               ^
make: *** [Core/Src/subdir.mk:40: Core/Src/fdcan.o] Error 1
make: *** Waiting for unfinished jobs....
../Core/Src/main.c: In function 'main':
../Core/Src/main.c:141:10: warning: implicit declaration of function 'CAN_Send' [-Wimplicit-function-declaration]
  141 |          CAN_Send(0x123, payload, 8);
      |          ^~~~~~~~
../Core/Src/main.c:141:26: error: 'payload' undeclared (first use in this function)
  141 |          CAN_Send(0x123, payload, 8);
      |                          ^~~~~~~
../Core/Src/main.c:141:26: note: each undeclared identifier is reported only once for each function it appears in
../Core/Src/main.c:96:10: warning: unused variable 'TxData' [-Wunused-variable]
   96 |  uint8_t TxData[8] = {0xAA, 0xBB, 0xCC, 0xDD, 0xEE, 0xFF, 0x11, 0x22};
      |          ^~~~~~
../Core/Src/main.c:95:24: warning: variable 'TxHeader' set but not used [-Wunused-but-set-variable]
   95 |  FDCAN_TxHeaderTypeDef TxHeader;
      |                        ^~~~~~~~
../Core/Src/main.c: At top level:
../Core/Src/main.c:199:19: error: conflicting types for 'CAN_Send'; have 'HAL_StatusTypeDef(uint32_t,  uint8_t *, uint8_t)' {aka 'HAL_StatusTypeDef(long unsigned int,  unsigned char *, unsigned char)'}
  199 | HAL_StatusTypeDef CAN_Send(uint32_t id, uint8_t *data, uint8_t length)
      |                   ^~~~~~~~
../Core/Src/main.c:141:10: note: previous implicit declaration of 'CAN_Send' with type 'int()'
  141 |          CAN_Send(0x123, payload, 8);
      |          ^~~~~~~~
make: *** [Core/Src/subdir.mk:40: Core/Src/main.o] Error 1
"make -j20 all" terminated with exit code 2. Build might be incomplete.
13:11:28 **** Incremental Build of configuration Debug for project CAN_Watchdog ****
make -j20 all 
arm-none-eabi-gcc "../Core/Src/fdcan.c" -mcpu=cortex-m4 -std=gnu11 -g3 -DDEBUG -DUSE_NUCLEO_64 -DUSE_HAL_DRIVER -DSTM32G491xx -c -I../Core/Inc -IC:/Users/justn/STM32Cube/Repository/STM32Cube_FW_G4_V1.6.1/Drivers/STM32G4xx_HAL_Driver/Inc -IC:/Users/justn/STM32Cube/Repository/STM32Cube_FW_G4_V1.6.1/Drivers/STM32G4xx_HAL_Driver/Inc/Legacy -IC:/Users/justn/STM32Cube/Repository/STM32Cube_FW_G4_V1.6.1/Drivers/BSP/STM32G4xx_Nucleo -IC:/Users/justn/STM32Cube/Repository/STM32Cube_FW_G4_V1.6.1/Drivers/CMSIS/Device/ST/STM32G4xx/Include -IC:/Users/justn/STM32Cube/Repository/STM32Cube_FW_G4_V1.6.1/Drivers/CMSIS/Include -I../USB_Device/App -I../USB_Device/Target -IC:/Users/justn/STM32Cube/Repository/STM32Cube_FW_G4_V1.6.1/Middlewares/ST/STM32_USB_Device_Library/Core/Inc -IC:/Users/justn/STM32Cube/Repository/STM32Cube_FW_G4_V1.6.1/Middlewares/ST/STM32_USB_Device_Library/Class/CDC/Inc -O0 -ffunction-sections -fdata-sections -Wall -fstack-usage -fcyclomatic-complexity -MMD -MP -MF"Core/Src/fdcan.d" -MT"Core/Src/fdcan.o" --specs=nano.specs -mfpu=fpv4-sp-d16 -mfloat-abi=hard -mthumb -o "Core/Src/fdcan.o"
arm-none-eabi-gcc "../Core/Src/main.c" -mcpu=cortex-m4 -std=gnu11 -g3 -DDEBUG -DUSE_NUCLEO_64 -DUSE_HAL_DRIVER -DSTM32G491xx -c -I../Core/Inc -IC:/Users/justn/STM32Cube/Repository/STM32Cube_FW_G4_V1.6.1/Drivers/STM32G4xx_HAL_Driver/Inc -IC:/Users/justn/STM32Cube/Repository/STM32Cube_FW_G4_V1.6.1/Drivers/STM32G4xx_HAL_Driver/Inc/Legacy -IC:/Users/justn/STM32Cube/Repository/STM32Cube_FW_G4_V1.6.1/Drivers/BSP/STM32G4xx_Nucleo -IC:/Users/justn/STM32Cube/Repository/STM32Cube_FW_G4_V1.6.1/Drivers/CMSIS/Device/ST/STM32G4xx/Include -IC:/Users/justn/STM32Cube/Repository/STM32Cube_FW_G4_V1.6.1/Drivers/CMSIS/Include -I../USB_Device/App -I../USB_Device/Target -IC:/Users/justn/STM32Cube/Repository/STM32Cube_FW_G4_V1.6.1/Middlewares/ST/STM32_USB_Device_Library/Core/Inc -IC:/Users/justn/STM32Cube/Repository/STM32Cube_FW_G4_V1.6.1/Middlewares/ST/STM32_USB_Device_Library/Class/CDC/Inc -O0 -ffunction-sections -fdata-sections -Wall -fstack-usage -fcyclomatic-complexity -MMD -MP -MF"Core/Src/main.d" -MT"Core/Src/main.o" --specs=nano.specs -mfpu=fpv4-sp-d16 -mfloat-abi=hard -mthumb -o "Core/Src/main.o"
../Core/Src/main.c: In function 'main':
../Core/Src/main.c:141:10: warning: implicit declaration of function 'CAN_Send' [-Wimplicit-function-declaration]
  141 |          CAN_Send(0x123, TxData, 8);
      |          ^~~~~~~~
../Core/Src/main.c:95:24: warning: variable 'TxHeader' set but not used [-Wunused-but-set-variable]
   95 |  FDCAN_TxHeaderTypeDef TxHeader;
      |                        ^~~~~~~~
../Core/Src/main.c: At top level:
../Core/Src/main.c:199:19: error: conflicting types for 'CAN_Send'; have 'HAL_StatusTypeDef(uint32_t,  uint8_t *, uint8_t)' {aka 'HAL_StatusTypeDef(long unsigned int,  unsigned char *, unsigned char)'}
  199 | HAL_StatusTypeDef CAN_Send(uint32_t id, uint8_t *data, uint8_t length)
      |                   ^~~~~~~~
../Core/Src/main.c:141:10: note: previous implicit declaration of 'CAN_Send' with type 'int()'
  141 |          CAN_Send(0x123, TxData, 8);
      |          ^~~~~~~~
make: *** [Core/Src/subdir.mk:40: Core/Src/main.o] Error 1
make: *** Waiting for unfinished jobs....
"make -j20 all" terminated with exit code 2. Build might be incomplete.
13:12:44 **** Incremental Build of configuration Debug for project CAN_Watchdog ****
make -j20 all 
arm-none-eabi-gcc "../Core/Src/main.c" -mcpu=cortex-m4 -std=gnu11 -g3 -DDEBUG -DUSE_NUCLEO_64 -DUSE_HAL_DRIVER -DSTM32G491xx -c -I../Core/Inc -IC:/Users/justn/STM32Cube/Repository/STM32Cube_FW_G4_V1.6.1/Drivers/STM32G4xx_HAL_Driver/Inc -IC:/Users/justn/STM32Cube/Repository/STM32Cube_FW_G4_V1.6.1/Drivers/STM32G4xx_HAL_Driver/Inc/Legacy -IC:/Users/justn/STM32Cube/Repository/STM32Cube_FW_G4_V1.6.1/Drivers/BSP/STM32G4xx_Nucleo -IC:/Users/justn/STM32Cube/Repository/STM32Cube_FW_G4_V1.6.1/Drivers/CMSIS/Device/ST/STM32G4xx/Include -IC:/Users/justn/STM32Cube/Repository/STM32Cube_FW_G4_V1.6.1/Drivers/CMSIS/Include -I../USB_Device/App -I../USB_Device/Target -IC:/Users/justn/STM32Cube/Repository/STM32Cube_FW_G4_V1.6.1/Middlewares/ST/STM32_USB_Device_Library/Core/Inc -IC:/Users/justn/STM32Cube/Repository/STM32Cube_FW_G4_V1.6.1/Middlewares/ST/STM32_USB_Device_Library/Class/CDC/Inc -O0 -ffunction-sections -fdata-sections -Wall -fstack-usage -fcyclomatic-complexity -MMD -MP -MF"Core/Src/main.d" -MT"Core/Src/main.o" --specs=nano.specs -mfpu=fpv4-sp-d16 -mfloat-abi=hard -mthumb -o "Core/Src/main.o"
../Core/Src/main.c: In function 'main':
../Core/Src/main.c:100:24: warning: variable 'TxHeader' set but not used [-Wunused-but-set-variable]
  100 |  FDCAN_TxHeaderTypeDef TxHeader;
      |                        ^~~~~~~~
arm-none-eabi-gcc -o "CAN_Watchdog.elf" @"objects.list"   -mcpu=cortex-m4 -T"C:\Users\justn\Desktop\Classes\Senior Fall\EC463\EC463_Nascimento_Justin\CAN_Watchdog\CAN_Watchdog\STM32G491RETX_FLASH.ld" --specs=nosys.specs -Wl,-Map="CAN_Watchdog.map" -Wl,--gc-sections -static --specs=nano.specs -mfpu=fpv4-sp-d16 -mfloat-abi=hard -mthumb -Wl,--start-group -lc -lm -Wl,--end-group
Finished building target: CAN_Watchdog.elf
 
arm-none-eabi-size  CAN_Watchdog.elf 
arm-none-eabi-objdump -h -S CAN_Watchdog.elf  > "CAN_Watchdog.list"
   text	   data	    bss	    dec	    hex	filename
  33356	    104	   2752	  36212	   8d74	CAN_Watchdog.elf
Finished building: default.size.stdout
 
Finished building: CAN_Watchdog.list
 
13:21:02 **** Incremental Build of configuration Debug for project CAN_Watchdog ****
make -j20 all 
arm-none-eabi-gcc "../Core/Src/fdcan.c" -mcpu=cortex-m4 -std=gnu11 -g3 -DDEBUG -DUSE_NUCLEO_64 -DUSE_HAL_DRIVER -DSTM32G491xx -c -I../Core/Inc -IC:/Users/justn/STM32Cube/Repository/STM32Cube_FW_G4_V1.6.1/Drivers/STM32G4xx_HAL_Driver/Inc -IC:/Users/justn/STM32Cube/Repository/STM32Cube_FW_G4_V1.6.1/Drivers/STM32G4xx_HAL_Driver/Inc/Legacy -IC:/Users/justn/STM32Cube/Repository/STM32Cube_FW_G4_V1.6.1/Drivers/BSP/STM32G4xx_Nucleo -IC:/Users/justn/STM32Cube/Repository/STM32Cube_FW_G4_V1.6.1/Drivers/CMSIS/Device/ST/STM32G4xx/Include -IC:/Users/justn/STM32Cube/Repository/STM32Cube_FW_G4_V1.6.1/Drivers/CMSIS/Include -I../USB_Device/App -I../USB_Device/Target -IC:/Users/justn/STM32Cube/Repository/STM32Cube_FW_G4_V1.6.1/Middlewares/ST/STM32_USB_Device_Library/Core/Inc -IC:/Users/justn/STM32Cube/Repository/STM32Cube_FW_G4_V1.6.1/Middlewares/ST/STM32_USB_Device_Library/Class/CDC/Inc -O0 -ffunction-sections -fdata-sections -Wall -fstack-usage -fcyclomatic-complexity -MMD -MP -MF"Core/Src/fdcan.d" -MT"Core/Src/fdcan.o" --specs=nano.specs -mfpu=fpv4-sp-d16 -mfloat-abi=hard -mthumb -o "Core/Src/fdcan.o"
arm-none-eabi-gcc "../Core/Src/main.c" -mcpu=cortex-m4 -std=gnu11 -g3 -DDEBUG -DUSE_NUCLEO_64 -DUSE_HAL_DRIVER -DSTM32G491xx -c -I../Core/Inc -IC:/Users/justn/STM32Cube/Repository/STM32Cube_FW_G4_V1.6.1/Drivers/STM32G4xx_HAL_Driver/Inc -IC:/Users/justn/STM32Cube/Repository/STM32Cube_FW_G4_V1.6.1/Drivers/STM32G4xx_HAL_Driver/Inc/Legacy -IC:/Users/justn/STM32Cube/Repository/STM32Cube_FW_G4_V1.6.1/Drivers/BSP/STM32G4xx_Nucleo -IC:/Users/justn/STM32Cube/Repository/STM32Cube_FW_G4_V1.6.1/Drivers/CMSIS/Device/ST/STM32G4xx/Include -IC:/Users/justn/STM32Cube/Repository/STM32Cube_FW_G4_V1.6.1/Drivers/CMSIS/Include -I../USB_Device/App -I../USB_Device/Target -IC:/Users/justn/STM32Cube/Repository/STM32Cube_FW_G4_V1.6.1/Middlewares/ST/STM32_USB_Device_Library/Core/Inc -IC:/Users/justn/STM32Cube/Repository/STM32Cube_FW_G4_V1.6.1/Middlewares/ST/STM32_USB_Device_Library/Class/CDC/Inc -O0 -ffunction-sections -fdata-sections -Wall -fstack-usage -fcyclomatic-complexity -MMD -MP -MF"Core/Src/main.d" -MT"Core/Src/main.o" --specs=nano.specs -mfpu=fpv4-sp-d16 -mfloat-abi=hard -mthumb -o "Core/Src/main.o"
../Core/Src/fdcan.c: In function 'MX_FDCAN1_Init':
../Core/Src/fdcan.c:66:3: error: unknown type name 'FDCAN_TxFifoQConfigTypeDef'; did you mean 'FDCAN_Config_TypeDef'?
   66 |   FDCAN_TxFifoQConfigTypeDef TxFifoQConf;
      |   ^~~~~~~~~~~~~~~~~~~~~~~~~~
      |   FDCAN_Config_TypeDef
../Core/Src/fdcan.c:67:14: error: request for member 'TxFifoQSize' in something not a structure or union
   67 |   TxFifoQConf.TxFifoQSize = 8;
      |              ^
../Core/Src/fdcan.c:68:14: error: request for member 'TxFifoQMode' in something not a structure or union
   68 |   TxFifoQConf.TxFifoQMode = FDCAN_TX_FIFO_OPERATION;
      |              ^
../Core/Src/fdcan.c:69:14: error: request for member 'TxElmntSize' in something not a structure or union
   69 |   TxFifoQConf.TxElmntSize = FDCAN_DATA_BYTES_8;
      |              ^
../Core/Src/fdcan.c:69:29: error: 'FDCAN_DATA_BYTES_8' undeclared (first use in this function); did you mean 'FDCAN_DLC_BYTES_8'?
   69 |   TxFifoQConf.TxElmntSize = FDCAN_DATA_BYTES_8;
      |                             ^~~~~~~~~~~~~~~~~~
      |                             FDCAN_DLC_BYTES_8
../Core/Src/fdcan.c:69:29: note: each undeclared identifier is reported only once for each function it appears in
../Core/Src/fdcan.c:71:7: warning: implicit declaration of function 'HAL_FDCAN_ConfigTxFifoQ'; did you mean 'HAL_FDCAN_ConfigFilter'? [-Wimplicit-function-declaration]
   71 |   if (HAL_FDCAN_ConfigTxFifoQ(&hfdcan1, &TxFifoQConf) != HAL_OK)
      |       ^~~~~~~~~~~~~~~~~~~~~~~
      |       HAL_FDCAN_ConfigFilter
make: *** [Core/Src/subdir.mk:40: Core/Src/fdcan.o] Error 1
make: *** Waiting for unfinished jobs....
"make -j20 all" terminated with exit code 2. Build might be incomplete.
13:23:40 **** Incremental Build of configuration Debug for project CAN_Watchdog ****
make -j20 all 
arm-none-eabi-gcc "../Core/Src/fdcan.c" -mcpu=cortex-m4 -std=gnu11 -g3 -DDEBUG -DUSE_NUCLEO_64 -DUSE_HAL_DRIVER -DSTM32G491xx -c -I../Core/Inc -IC:/Users/justn/STM32Cube/Repository/STM32Cube_FW_G4_V1.6.1/Drivers/STM32G4xx_HAL_Driver/Inc -IC:/Users/justn/STM32Cube/Repository/STM32Cube_FW_G4_V1.6.1/Drivers/STM32G4xx_HAL_Driver/Inc/Legacy -IC:/Users/justn/STM32Cube/Repository/STM32Cube_FW_G4_V1.6.1/Drivers/BSP/STM32G4xx_Nucleo -IC:/Users/justn/STM32Cube/Repository/STM32Cube_FW_G4_V1.6.1/Drivers/CMSIS/Device/ST/STM32G4xx/Include -IC:/Users/justn/STM32Cube/Repository/STM32Cube_FW_G4_V1.6.1/Drivers/CMSIS/Include -I../USB_Device/App -I../USB_Device/Target -IC:/Users/justn/STM32Cube/Repository/STM32Cube_FW_G4_V1.6.1/Middlewares/ST/STM32_USB_Device_Library/Core/Inc -IC:/Users/justn/STM32Cube/Repository/STM32Cube_FW_G4_V1.6.1/Middlewares/ST/STM32_USB_Device_Library/Class/CDC/Inc -O0 -ffunction-sections -fdata-sections -Wall -fstack-usage -fcyclomatic-complexity -MMD -MP -MF"Core/Src/fdcan.d" -MT"Core/Src/fdcan.o" --specs=nano.specs -mfpu=fpv4-sp-d16 -mfloat-abi=hard -mthumb -o "Core/Src/fdcan.o"
arm-none-eabi-gcc "../Core/Src/main.c" -mcpu=cortex-m4 -std=gnu11 -g3 -DDEBUG -DUSE_NUCLEO_64 -DUSE_HAL_DRIVER -DSTM32G491xx -c -I../Core/Inc -IC:/Users/justn/STM32Cube/Repository/STM32Cube_FW_G4_V1.6.1/Drivers/STM32G4xx_HAL_Driver/Inc -IC:/Users/justn/STM32Cube/Repository/STM32Cube_FW_G4_V1.6.1/Drivers/STM32G4xx_HAL_Driver/Inc/Legacy -IC:/Users/justn/STM32Cube/Repository/STM32Cube_FW_G4_V1.6.1/Drivers/BSP/STM32G4xx_Nucleo -IC:/Users/justn/STM32Cube/Repository/STM32Cube_FW_G4_V1.6.1/Drivers/CMSIS/Device/ST/STM32G4xx/Include -IC:/Users/justn/STM32Cube/Repository/STM32Cube_FW_G4_V1.6.1/Drivers/CMSIS/Include -I../USB_Device/App -I../USB_Device/Target -IC:/Users/justn/STM32Cube/Repository/STM32Cube_FW_G4_V1.6.1/Middlewares/ST/STM32_USB_Device_Library/Core/Inc -IC:/Users/justn/STM32Cube/Repository/STM32Cube_FW_G4_V1.6.1/Middlewares/ST/STM32_USB_Device_Library/Class/CDC/Inc -O0 -ffunction-sections -fdata-sections -Wall -fstack-usage -fcyclomatic-complexity -MMD -MP -MF"Core/Src/main.d" -MT"Core/Src/main.o" --specs=nano.specs -mfpu=fpv4-sp-d16 -mfloat-abi=hard -mthumb -o "Core/Src/main.o"
arm-none-eabi-gcc -o "CAN_Watchdog.elf" @"objects.list"   -mcpu=cortex-m4 -T"C:\Users\justn\Desktop\Classes\Senior Fall\EC463\EC463_Nascimento_Justin\CAN_Watchdog\CAN_Watchdog\STM32G491RETX_FLASH.ld" --specs=nosys.specs -Wl,-Map="CAN_Watchdog.map" -Wl,--gc-sections -static --specs=nano.specs -mfpu=fpv4-sp-d16 -mfloat-abi=hard -mthumb -Wl,--start-group -lc -lm -Wl,--end-group
Finished building target: CAN_Watchdog.elf
 
arm-none-eabi-size  CAN_Watchdog.elf 
arm-none-eabi-objdump -h -S CAN_Watchdog.elf  > "CAN_Watchdog.list"
   text	   data	    bss	    dec	    hex	filename
  33364	    104	   2752	  36220	   8d7c	CAN_Watchdog.elf
Finished building: default.size.stdout
 
Finished building: CAN_Watchdog.list
 
13:24:29 **** Incremental Build of configuration Debug for project CAN_Watchdog ****
make -j20 all 
arm-none-eabi-gcc "../Core/Src/fdcan.c" -mcpu=cortex-m4 -std=gnu11 -g3 -DDEBUG -DUSE_NUCLEO_64 -DUSE_HAL_DRIVER -DSTM32G491xx -c -I../Core/Inc -IC:/Users/justn/STM32Cube/Repository/STM32Cube_FW_G4_V1.6.1/Drivers/STM32G4xx_HAL_Driver/Inc -IC:/Users/justn/STM32Cube/Repository/STM32Cube_FW_G4_V1.6.1/Drivers/STM32G4xx_HAL_Driver/Inc/Legacy -IC:/Users/justn/STM32Cube/Repository/STM32Cube_FW_G4_V1.6.1/Drivers/BSP/STM32G4xx_Nucleo -IC:/Users/justn/STM32Cube/Repository/STM32Cube_FW_G4_V1.6.1/Drivers/CMSIS/Device/ST/STM32G4xx/Include -IC:/Users/justn/STM32Cube/Repository/STM32Cube_FW_G4_V1.6.1/Drivers/CMSIS/Include -I../USB_Device/App -I../USB_Device/Target -IC:/Users/justn/STM32Cube/Repository/STM32Cube_FW_G4_V1.6.1/Middlewares/ST/STM32_USB_Device_Library/Core/Inc -IC:/Users/justn/STM32Cube/Repository/STM32Cube_FW_G4_V1.6.1/Middlewares/ST/STM32_USB_Device_Library/Class/CDC/Inc -O0 -ffunction-sections -fdata-sections -Wall -fstack-usage -fcyclomatic-complexity -MMD -MP -MF"Core/Src/fdcan.d" -MT"Core/Src/fdcan.o" --specs=nano.specs -mfpu=fpv4-sp-d16 -mfloat-abi=hard -mthumb -o "Core/Src/fdcan.o"
arm-none-eabi-gcc -o "CAN_Watchdog.elf" @"objects.list"   -mcpu=cortex-m4 -T"C:\Users\justn\Desktop\Classes\Senior Fall\EC463\EC463_Nascimento_Justin\CAN_Watchdog\CAN_Watchdog\STM32G491RETX_FLASH.ld" --specs=nosys.specs -Wl,-Map="CAN_Watchdog.map" -Wl,--gc-sections -static --specs=nano.specs -mfpu=fpv4-sp-d16 -mfloat-abi=hard -mthumb -Wl,--start-group -lc -lm -Wl,--end-group
Finished building target: CAN_Watchdog.elf
 
arm-none-eabi-size  CAN_Watchdog.elf 
arm-none-eabi-objdump -h -S CAN_Watchdog.elf  > "CAN_Watchdog.list"
   text	   data	    bss	    dec	    hex	filename
  33364	    104	   2752	  36220	   8d7c	CAN_Watchdog.elf
Finished building: default.size.stdout
 
Finished building: CAN_Watchdog.list
 
13:25:33 **** Incremental Build of configuration Debug for project CAN_Watchdog ****
make -j20 all 
arm-none-eabi-gcc "../Core/Src/fdcan.c" -mcpu=cortex-m4 -std=gnu11 -g3 -DDEBUG -DUSE_NUCLEO_64 -DUSE_HAL_DRIVER -DSTM32G491xx -c -I../Core/Inc -IC:/Users/justn/STM32Cube/Repository/STM32Cube_FW_G4_V1.6.1/Drivers/STM32G4xx_HAL_Driver/Inc -IC:/Users/justn/STM32Cube/Repository/STM32Cube_FW_G4_V1.6.1/Drivers/STM32G4xx_HAL_Driver/Inc/Legacy -IC:/Users/justn/STM32Cube/Repository/STM32Cube_FW_G4_V1.6.1/Drivers/BSP/STM32G4xx_Nucleo -IC:/Users/justn/STM32Cube/Repository/STM32Cube_FW_G4_V1.6.1/Drivers/CMSIS/Device/ST/STM32G4xx/Include -IC:/Users/justn/STM32Cube/Repository/STM32Cube_FW_G4_V1.6.1/Drivers/CMSIS/Include -I../USB_Device/App -I../USB_Device/Target -IC:/Users/justn/STM32Cube/Repository/STM32Cube_FW_G4_V1.6.1/Middlewares/ST/STM32_USB_Device_Library/Core/Inc -IC:/Users/justn/STM32Cube/Repository/STM32Cube_FW_G4_V1.6.1/Middlewares/ST/STM32_USB_Device_Library/Class/CDC/Inc -O0 -ffunction-sections -fdata-sections -Wall -fstack-usage -fcyclomatic-complexity -MMD -MP -MF"Core/Src/fdcan.d" -MT"Core/Src/fdcan.o" --specs=nano.specs -mfpu=fpv4-sp-d16 -mfloat-abi=hard -mthumb -o "Core/Src/fdcan.o"
arm-none-eabi-gcc -o "CAN_Watchdog.elf" @"objects.list"   -mcpu=cortex-m4 -T"C:\Users\justn\Desktop\Classes\Senior Fall\EC463\EC463_Nascimento_Justin\CAN_Watchdog\CAN_Watchdog\STM32G491RETX_FLASH.ld" --specs=nosys.specs -Wl,-Map="CAN_Watchdog.map" -Wl,--gc-sections -static --specs=nano.specs -mfpu=fpv4-sp-d16 -mfloat-abi=hard -mthumb -Wl,--start-group -lc -lm -Wl,--end-group
Finished building target: CAN_Watchdog.elf
 
arm-none-eabi-size  CAN_Watchdog.elf 
arm-none-eabi-objdump -h -S CAN_Watchdog.elf  > "CAN_Watchdog.list"
   text	   data	    bss	    dec	    hex	filename
  33364	    104	   2752	  36220	   8d7c	CAN_Watchdog.elf
Finished building: default.size.stdout
 
Finished building: CAN_Watchdog.list
 
13:27:25 **** Incremental Build of configuration Debug for project CAN_Watchdog ****
make -j20 all 
arm-none-eabi-gcc "../Core/Src/fdcan.c" -mcpu=cortex-m4 -std=gnu11 -g3 -DDEBUG -DUSE_NUCLEO_64 -DUSE_HAL_DRIVER -DSTM32G491xx -c -I../Core/Inc -IC:/Users/justn/STM32Cube/Repository/STM32Cube_FW_G4_V1.6.1/Drivers/STM32G4xx_HAL_Driver/Inc -IC:/Users/justn/STM32Cube/Repository/STM32Cube_FW_G4_V1.6.1/Drivers/STM32G4xx_HAL_Driver/Inc/Legacy -IC:/Users/justn/STM32Cube/Repository/STM32Cube_FW_G4_V1.6.1/Drivers/BSP/STM32G4xx_Nucleo -IC:/Users/justn/STM32Cube/Repository/STM32Cube_FW_G4_V1.6.1/Drivers/CMSIS/Device/ST/STM32G4xx/Include -IC:/Users/justn/STM32Cube/Repository/STM32Cube_FW_G4_V1.6.1/Drivers/CMSIS/Include -I../USB_Device/App -I../USB_Device/Target -IC:/Users/justn/STM32Cube/Repository/STM32Cube_FW_G4_V1.6.1/Middlewares/ST/STM32_USB_Device_Library/Core/Inc -IC:/Users/justn/STM32Cube/Repository/STM32Cube_FW_G4_V1.6.1/Middlewares/ST/STM32_USB_Device_Library/Class/CDC/Inc -O0 -ffunction-sections -fdata-sections -Wall -fstack-usage -fcyclomatic-complexity -MMD -MP -MF"Core/Src/fdcan.d" -MT"Core/Src/fdcan.o" --specs=nano.specs -mfpu=fpv4-sp-d16 -mfloat-abi=hard -mthumb -o "Core/Src/fdcan.o"
arm-none-eabi-gcc -o "CAN_Watchdog.elf" @"objects.list"   -mcpu=cortex-m4 -T"C:\Users\justn\Desktop\Classes\Senior Fall\EC463\EC463_Nascimento_Justin\CAN_Watchdog\CAN_Watchdog\STM32G491RETX_FLASH.ld" --specs=nosys.specs -Wl,-Map="CAN_Watchdog.map" -Wl,--gc-sections -static --specs=nano.specs -mfpu=fpv4-sp-d16 -mfloat-abi=hard -mthumb -Wl,--start-group -lc -lm -Wl,--end-group
Finished building target: CAN_Watchdog.elf
 
arm-none-eabi-size  CAN_Watchdog.elf 
arm-none-eabi-objdump -h -S CAN_Watchdog.elf  > "CAN_Watchdog.list"
   text	   data	    bss	    dec	    hex	filename
  33364	    104	   2752	  36220	   8d7c	CAN_Watchdog.elf
Finished building: default.size.stdout
 
Finished building: CAN_Watchdog.list
 
13:28:37 **** Incremental Build of configuration Debug for project CAN_Watchdog ****
make -j20 all 
arm-none-eabi-gcc "../Core/Src/fdcan.c" -mcpu=cortex-m4 -std=gnu11 -g3 -DDEBUG -DUSE_NUCLEO_64 -DUSE_HAL_DRIVER -DSTM32G491xx -c -I../Core/Inc -IC:/Users/justn/STM32Cube/Repository/STM32Cube_FW_G4_V1.6.1/Drivers/STM32G4xx_HAL_Driver/Inc -IC:/Users/justn/STM32Cube/Repository/STM32Cube_FW_G4_V1.6.1/Drivers/STM32G4xx_HAL_Driver/Inc/Legacy -IC:/Users/justn/STM32Cube/Repository/STM32Cube_FW_G4_V1.6.1/Drivers/BSP/STM32G4xx_Nucleo -IC:/Users/justn/STM32Cube/Repository/STM32Cube_FW_G4_V1.6.1/Drivers/CMSIS/Device/ST/STM32G4xx/Include -IC:/Users/justn/STM32Cube/Repository/STM32Cube_FW_G4_V1.6.1/Drivers/CMSIS/Include -I../USB_Device/App -I../USB_Device/Target -IC:/Users/justn/STM32Cube/Repository/STM32Cube_FW_G4_V1.6.1/Middlewares/ST/STM32_USB_Device_Library/Core/Inc -IC:/Users/justn/STM32Cube/Repository/STM32Cube_FW_G4_V1.6.1/Middlewares/ST/STM32_USB_Device_Library/Class/CDC/Inc -O0 -ffunction-sections -fdata-sections -Wall -fstack-usage -fcyclomatic-complexity -MMD -MP -MF"Core/Src/fdcan.d" -MT"Core/Src/fdcan.o" --specs=nano.specs -mfpu=fpv4-sp-d16 -mfloat-abi=hard -mthumb -o "Core/Src/fdcan.o"
arm-none-eabi-gcc -o "CAN_Watchdog.elf" @"objects.list"   -mcpu=cortex-m4 -T"C:\Users\justn\Desktop\Classes\Senior Fall\EC463\EC463_Nascimento_Justin\CAN_Watchdog\CAN_Watchdog\STM32G491RETX_FLASH.ld" --specs=nosys.specs -Wl,-Map="CAN_Watchdog.map" -Wl,--gc-sections -static --specs=nano.specs -mfpu=fpv4-sp-d16 -mfloat-abi=hard -mthumb -Wl,--start-group -lc -lm -Wl,--end-group
Finished building target: CAN_Watchdog.elf
 
arm-none-eabi-size  CAN_Watchdog.elf 
arm-none-eabi-objdump -h -S CAN_Watchdog.elf  > "CAN_Watchdog.list"
   text	   data	    bss	    dec	    hex	filename
  33364	    104	   2752	  36220	   8d7c	CAN_Watchdog.elf
Finished building: default.size.stdout
 
Finished building: CAN_Watchdog.list
 
13:28:53 **** Incremental Build of configuration Debug for project CAN_Watchdog ****
make -j20 all 
arm-none-eabi-size  CAN_Watchdog.elf 
   text	   data	    bss	    dec	    hex	filename
  33364	    104	   2752	  36220	   8d7c	CAN_Watchdog.elf
Finished building: default.size.stdout
 
13:31:02 **** Incremental Build of configuration Debug for project CAN_Watchdog ****
make -j20 all 
arm-none-eabi-gcc "../Core/Src/fdcan.c" -mcpu=cortex-m4 -std=gnu11 -g3 -DDEBUG -DUSE_NUCLEO_64 -DUSE_HAL_DRIVER -DSTM32G491xx -c -I../Core/Inc -IC:/Users/justn/STM32Cube/Repository/STM32Cube_FW_G4_V1.6.1/Drivers/STM32G4xx_HAL_Driver/Inc -IC:/Users/justn/STM32Cube/Repository/STM32Cube_FW_G4_V1.6.1/Drivers/STM32G4xx_HAL_Driver/Inc/Legacy -IC:/Users/justn/STM32Cube/Repository/STM32Cube_FW_G4_V1.6.1/Drivers/BSP/STM32G4xx_Nucleo -IC:/Users/justn/STM32Cube/Repository/STM32Cube_FW_G4_V1.6.1/Drivers/CMSIS/Device/ST/STM32G4xx/Include -IC:/Users/justn/STM32Cube/Repository/STM32Cube_FW_G4_V1.6.1/Drivers/CMSIS/Include -I../USB_Device/App -I../USB_Device/Target -IC:/Users/justn/STM32Cube/Repository/STM32Cube_FW_G4_V1.6.1/Middlewares/ST/STM32_USB_Device_Library/Core/Inc -IC:/Users/justn/STM32Cube/Repository/STM32Cube_FW_G4_V1.6.1/Middlewares/ST/STM32_USB_Device_Library/Class/CDC/Inc -O0 -ffunction-sections -fdata-sections -Wall -fstack-usage -fcyclomatic-complexity -MMD -MP -MF"Core/Src/fdcan.d" -MT"Core/Src/fdcan.o" --specs=nano.specs -mfpu=fpv4-sp-d16 -mfloat-abi=hard -mthumb -o "Core/Src/fdcan.o"
arm-none-eabi-gcc -o "CAN_Watchdog.elf" @"objects.list"   -mcpu=cortex-m4 -T"C:\Users\justn\Desktop\Classes\Senior Fall\EC463\EC463_Nascimento_Justin\CAN_Watchdog\CAN_Watchdog\STM32G491RETX_FLASH.ld" --specs=nosys.specs -Wl,-Map="CAN_Watchdog.map" -Wl,--gc-sections -static --specs=nano.specs -mfpu=fpv4-sp-d16 -mfloat-abi=hard -mthumb -Wl,--start-group -lc -lm -Wl,--end-group
Finished building target: CAN_Watchdog.elf
 
arm-none-eabi-size  CAN_Watchdog.elf 
arm-none-eabi-objdump -h -S CAN_Watchdog.elf  > "CAN_Watchdog.list"
   text	   data	    bss	    dec	    hex	filename
  33364	    104	   2752	  36220	   8d7c	CAN_Watchdog.elf
Finished building: default.size.stdout
 
Finished building: CAN_Watchdog.list
 
13:34:10 **** Incremental Build of configuration Debug for project CAN_Watchdog ****
make -j20 all 
arm-none-eabi-gcc "../Core/Src/main.c" -mcpu=cortex-m4 -std=gnu11 -g3 -DDEBUG -DUSE_NUCLEO_64 -DUSE_HAL_DRIVER -DSTM32G491xx -c -I../Core/Inc -IC:/Users/justn/STM32Cube/Repository/STM32Cube_FW_G4_V1.6.1/Drivers/STM32G4xx_HAL_Driver/Inc -IC:/Users/justn/STM32Cube/Repository/STM32Cube_FW_G4_V1.6.1/Drivers/STM32G4xx_HAL_Driver/Inc/Legacy -IC:/Users/justn/STM32Cube/Repository/STM32Cube_FW_G4_V1.6.1/Drivers/BSP/STM32G4xx_Nucleo -IC:/Users/justn/STM32Cube/Repository/STM32Cube_FW_G4_V1.6.1/Drivers/CMSIS/Device/ST/STM32G4xx/Include -IC:/Users/justn/STM32Cube/Repository/STM32Cube_FW_G4_V1.6.1/Drivers/CMSIS/Include -I../USB_Device/App -I../USB_Device/Target -IC:/Users/justn/STM32Cube/Repository/STM32Cube_FW_G4_V1.6.1/Middlewares/ST/STM32_USB_Device_Library/Core/Inc -IC:/Users/justn/STM32Cube/Repository/STM32Cube_FW_G4_V1.6.1/Middlewares/ST/STM32_USB_Device_Library/Class/CDC/Inc -O0 -ffunction-sections -fdata-sections -Wall -fstack-usage -fcyclomatic-complexity -MMD -MP -MF"Core/Src/main.d" -MT"Core/Src/main.o" --specs=nano.specs -mfpu=fpv4-sp-d16 -mfloat-abi=hard -mthumb -o "Core/Src/main.o"
arm-none-eabi-gcc -o "CAN_Watchdog.elf" @"objects.list"   -mcpu=cortex-m4 -T"C:\Users\justn\Desktop\Classes\Senior Fall\EC463\EC463_Nascimento_Justin\CAN_Watchdog\CAN_Watchdog\STM32G491RETX_FLASH.ld" --specs=nosys.specs -Wl,-Map="CAN_Watchdog.map" -Wl,--gc-sections -static --specs=nano.specs -mfpu=fpv4-sp-d16 -mfloat-abi=hard -mthumb -Wl,--start-group -lc -lm -Wl,--end-group
Finished building target: CAN_Watchdog.elf
 
arm-none-eabi-size  CAN_Watchdog.elf 
arm-none-eabi-objdump -h -S CAN_Watchdog.elf  > "CAN_Watchdog.list"
   text	   data	    bss	    dec	    hex	filename
  33360	    104	   2752	  36216	   8d78	CAN_Watchdog.elf
Finished building: default.size.stdout
 
Finished building: CAN_Watchdog.list
 
13:36:48 **** Incremental Build of configuration Debug for project CAN_Watchdog ****
make -j20 all 
arm-none-eabi-gcc "../Core/Src/main.c" -mcpu=cortex-m4 -std=gnu11 -g3 -DDEBUG -DUSE_NUCLEO_64 -DUSE_HAL_DRIVER -DSTM32G491xx -c -I../Core/Inc -IC:/Users/justn/STM32Cube/Repository/STM32Cube_FW_G4_V1.6.1/Drivers/STM32G4xx_HAL_Driver/Inc -IC:/Users/justn/STM32Cube/Repository/STM32Cube_FW_G4_V1.6.1/Drivers/STM32G4xx_HAL_Driver/Inc/Legacy -IC:/Users/justn/STM32Cube/Repository/STM32Cube_FW_G4_V1.6.1/Drivers/BSP/STM32G4xx_Nucleo -IC:/Users/justn/STM32Cube/Repository/STM32Cube_FW_G4_V1.6.1/Drivers/CMSIS/Device/ST/STM32G4xx/Include -IC:/Users/justn/STM32Cube/Repository/STM32Cube_FW_G4_V1.6.1/Drivers/CMSIS/Include -I../USB_Device/App -I../USB_Device/Target -IC:/Users/justn/STM32Cube/Repository/STM32Cube_FW_G4_V1.6.1/Middlewares/ST/STM32_USB_Device_Library/Core/Inc -IC:/Users/justn/STM32Cube/Repository/STM32Cube_FW_G4_V1.6.1/Middlewares/ST/STM32_USB_Device_Library/Class/CDC/Inc -O0 -ffunction-sections -fdata-sections -Wall -fstack-usage -fcyclomatic-complexity -MMD -MP -MF"Core/Src/main.d" -MT"Core/Src/main.o" --specs=nano.specs -mfpu=fpv4-sp-d16 -mfloat-abi=hard -mthumb -o "Core/Src/main.o"
../Core/Src/main.c: In function 'main':
../Core/Src/main.c:137:40: warning: implicit declaration of function 'HAL_FDCAN_GetTxFifoFillLevel'; did you mean 'HAL_FDCAN_GetRxFifoFillLevel'? [-Wimplicit-function-declaration]
  137 |          printf("TX FIFO fill: %lu\n", HAL_FDCAN_GetTxFifoFillLevel(&hfdcan1));
      |                                        ^~~~~~~~~~~~~~~~~~~~~~~~~~~~
      |                                        HAL_FDCAN_GetRxFifoFillLevel
../Core/Src/main.c:137:34: warning: format '%lu' expects argument of type 'long unsigned int', but argument 2 has type 'int' [-Wformat=]
  137 |          printf("TX FIFO fill: %lu\n", HAL_FDCAN_GetTxFifoFillLevel(&hfdcan1));
      |                                ~~^     ~~~~~~~~~~~~~~~~~~~~~~~~~~~~~~~~~~~~~~
      |                                  |     |
      |                                  |     int
      |                                  long unsigned int
      |                                %u
arm-none-eabi-gcc -o "CAN_Watchdog.elf" @"objects.list"   -mcpu=cortex-m4 -T"C:\Users\justn\Desktop\Classes\Senior Fall\EC463\EC463_Nascimento_Justin\CAN_Watchdog\CAN_Watchdog\STM32G491RETX_FLASH.ld" --specs=nosys.specs -Wl,-Map="CAN_Watchdog.map" -Wl,--gc-sections -static --specs=nano.specs -mfpu=fpv4-sp-d16 -mfloat-abi=hard -mthumb -Wl,--start-group -lc -lm -Wl,--end-group
C:/ST/STM32CubeIDE_1.19.0/STM32CubeIDE/plugins/com.st.stm32cube.ide.mcu.externaltools.gnu-tools-for-stm32.13.3.rel1.win32_1.0.0.202411081344/tools/bin/../lib/gcc/arm-none-eabi/13.3.1/../../../../arm-none-eabi/bin/ld.exe: ./Core/Src/main.o: in function `main':
C:/Users/justn/Desktop/Classes/Senior Fall/EC463/EC463_Nascimento_Justin/CAN_Watchdog/CAN_Watchdog/Debug/../Core/Src/main.c:137:(.text.main+0x124): undefined reference to `HAL_FDCAN_GetTxFifoFillLevel'
collect2.exe: error: ld returned 1 exit status
make: *** [makefile:68: CAN_Watchdog.elf] Error 1
"make -j20 all" terminated with exit code 2. Build might be incomplete.
13:37:33 **** Incremental Build of configuration Debug for project CAN_Watchdog ****
make -j20 all 
arm-none-eabi-gcc "../Core/Src/main.c" -mcpu=cortex-m4 -std=gnu11 -g3 -DDEBUG -DUSE_NUCLEO_64 -DUSE_HAL_DRIVER -DSTM32G491xx -c -I../Core/Inc -IC:/Users/justn/STM32Cube/Repository/STM32Cube_FW_G4_V1.6.1/Drivers/STM32G4xx_HAL_Driver/Inc -IC:/Users/justn/STM32Cube/Repository/STM32Cube_FW_G4_V1.6.1/Drivers/STM32G4xx_HAL_Driver/Inc/Legacy -IC:/Users/justn/STM32Cube/Repository/STM32Cube_FW_G4_V1.6.1/Drivers/BSP/STM32G4xx_Nucleo -IC:/Users/justn/STM32Cube/Repository/STM32Cube_FW_G4_V1.6.1/Drivers/CMSIS/Device/ST/STM32G4xx/Include -IC:/Users/justn/STM32Cube/Repository/STM32Cube_FW_G4_V1.6.1/Drivers/CMSIS/Include -I../USB_Device/App -I../USB_Device/Target -IC:/Users/justn/STM32Cube/Repository/STM32Cube_FW_G4_V1.6.1/Middlewares/ST/STM32_USB_Device_Library/Core/Inc -IC:/Users/justn/STM32Cube/Repository/STM32Cube_FW_G4_V1.6.1/Middlewares/ST/STM32_USB_Device_Library/Class/CDC/Inc -O0 -ffunction-sections -fdata-sections -Wall -fstack-usage -fcyclomatic-complexity -MMD -MP -MF"Core/Src/main.d" -MT"Core/Src/main.o" --specs=nano.specs -mfpu=fpv4-sp-d16 -mfloat-abi=hard -mthumb -o "Core/Src/main.o"
../Core/Src/main.c: In function 'main':
../Core/Src/main.c:137:39: warning: implicit declaration of function 'HAL_FDCAN_GetTxFifoQFillLevel'; did you mean 'HAL_FDCAN_GetRxFifoFillLevel'? [-Wimplicit-function-declaration]
  137 |          printf("TX FIFO fill: %u\n", HAL_FDCAN_GetTxFifoQFillLevel(&hfdcan1));
      |                                       ^~~~~~~~~~~~~~~~~~~~~~~~~~~~~
      |                                       HAL_FDCAN_GetRxFifoFillLevel
arm-none-eabi-gcc -o "CAN_Watchdog.elf" @"objects.list"   -mcpu=cortex-m4 -T"C:\Users\justn\Desktop\Classes\Senior Fall\EC463\EC463_Nascimento_Justin\CAN_Watchdog\CAN_Watchdog\STM32G491RETX_FLASH.ld" --specs=nosys.specs -Wl,-Map="CAN_Watchdog.map" -Wl,--gc-sections -static --specs=nano.specs -mfpu=fpv4-sp-d16 -mfloat-abi=hard -mthumb -Wl,--start-group -lc -lm -Wl,--end-group
C:/ST/STM32CubeIDE_1.19.0/STM32CubeIDE/plugins/com.st.stm32cube.ide.mcu.externaltools.gnu-tools-for-stm32.13.3.rel1.win32_1.0.0.202411081344/tools/bin/../lib/gcc/arm-none-eabi/13.3.1/../../../../arm-none-eabi/bin/ld.exe: ./Core/Src/main.o: in function `main':
C:/Users/justn/Desktop/Classes/Senior Fall/EC463/EC463_Nascimento_Justin/CAN_Watchdog/CAN_Watchdog/Debug/../Core/Src/main.c:137:(.text.main+0x124): undefined reference to `HAL_FDCAN_GetTxFifoQFillLevel'
collect2.exe: error: ld returned 1 exit status
make: *** [makefile:68: CAN_Watchdog.elf] Error 1
"make -j20 all" terminated with exit code 2. Build might be incomplete.
13:38:07 **** Incremental Build of configuration Debug for project CAN_Watchdog ****
make -j20 all 
arm-none-eabi-gcc "../Core/Src/main.c" -mcpu=cortex-m4 -std=gnu11 -g3 -DDEBUG -DUSE_NUCLEO_64 -DUSE_HAL_DRIVER -DSTM32G491xx -c -I../Core/Inc -IC:/Users/justn/STM32Cube/Repository/STM32Cube_FW_G4_V1.6.1/Drivers/STM32G4xx_HAL_Driver/Inc -IC:/Users/justn/STM32Cube/Repository/STM32Cube_FW_G4_V1.6.1/Drivers/STM32G4xx_HAL_Driver/Inc/Legacy -IC:/Users/justn/STM32Cube/Repository/STM32Cube_FW_G4_V1.6.1/Drivers/BSP/STM32G4xx_Nucleo -IC:/Users/justn/STM32Cube/Repository/STM32Cube_FW_G4_V1.6.1/Drivers/CMSIS/Device/ST/STM32G4xx/Include -IC:/Users/justn/STM32Cube/Repository/STM32Cube_FW_G4_V1.6.1/Drivers/CMSIS/Include -I../USB_Device/App -I../USB_Device/Target -IC:/Users/justn/STM32Cube/Repository/STM32Cube_FW_G4_V1.6.1/Middlewares/ST/STM32_USB_Device_Library/Core/Inc -IC:/Users/justn/STM32Cube/Repository/STM32Cube_FW_G4_V1.6.1/Middlewares/ST/STM32_USB_Device_Library/Class/CDC/Inc -O0 -ffunction-sections -fdata-sections -Wall -fstack-usage -fcyclomatic-complexity -MMD -MP -MF"Core/Src/main.d" -MT"Core/Src/main.o" --specs=nano.specs -mfpu=fpv4-sp-d16 -mfloat-abi=hard -mthumb -o "Core/Src/main.o"
arm-none-eabi-gcc -o "CAN_Watchdog.elf" @"objects.list"   -mcpu=cortex-m4 -T"C:\Users\justn\Desktop\Classes\Senior Fall\EC463\EC463_Nascimento_Justin\CAN_Watchdog\CAN_Watchdog\STM32G491RETX_FLASH.ld" --specs=nosys.specs -Wl,-Map="CAN_Watchdog.map" -Wl,--gc-sections -static --specs=nano.specs -mfpu=fpv4-sp-d16 -mfloat-abi=hard -mthumb -Wl,--start-group -lc -lm -Wl,--end-group
Finished building target: CAN_Watchdog.elf
 
arm-none-eabi-size  CAN_Watchdog.elf 
arm-none-eabi-objdump -h -S CAN_Watchdog.elf  > "CAN_Watchdog.list"
   text	   data	    bss	    dec	    hex	filename
  33404	    104	   2752	  36260	   8da4	CAN_Watchdog.elf
Finished building: default.size.stdout
 
Finished building: CAN_Watchdog.list
 
13:39:47 **** Incremental Build of configuration Debug for project CAN_Watchdog ****
make -j20 all 
arm-none-eabi-size  CAN_Watchdog.elf 
   text	   data	    bss	    dec	    hex	filename
  33404	    104	   2752	  36260	   8da4	CAN_Watchdog.elf
Finished building: default.size.stdout
 
13:40:55 **** Incremental Build of configuration Debug for project CAN_Watchdog ****
make -j20 all 
arm-none-eabi-gcc "../Core/Src/fdcan.c" -mcpu=cortex-m4 -std=gnu11 -g3 -DDEBUG -DUSE_NUCLEO_64 -DUSE_HAL_DRIVER -DSTM32G491xx -c -I../Core/Inc -IC:/Users/justn/STM32Cube/Repository/STM32Cube_FW_G4_V1.6.1/Drivers/STM32G4xx_HAL_Driver/Inc -IC:/Users/justn/STM32Cube/Repository/STM32Cube_FW_G4_V1.6.1/Drivers/STM32G4xx_HAL_Driver/Inc/Legacy -IC:/Users/justn/STM32Cube/Repository/STM32Cube_FW_G4_V1.6.1/Drivers/BSP/STM32G4xx_Nucleo -IC:/Users/justn/STM32Cube/Repository/STM32Cube_FW_G4_V1.6.1/Drivers/CMSIS/Device/ST/STM32G4xx/Include -IC:/Users/justn/STM32Cube/Repository/STM32Cube_FW_G4_V1.6.1/Drivers/CMSIS/Include -I../USB_Device/App -I../USB_Device/Target -IC:/Users/justn/STM32Cube/Repository/STM32Cube_FW_G4_V1.6.1/Middlewares/ST/STM32_USB_Device_Library/Core/Inc -IC:/Users/justn/STM32Cube/Repository/STM32Cube_FW_G4_V1.6.1/Middlewares/ST/STM32_USB_Device_Library/Class/CDC/Inc -O0 -ffunction-sections -fdata-sections -Wall -fstack-usage -fcyclomatic-complexity -MMD -MP -MF"Core/Src/fdcan.d" -MT"Core/Src/fdcan.o" --specs=nano.specs -mfpu=fpv4-sp-d16 -mfloat-abi=hard -mthumb -o "Core/Src/fdcan.o"
arm-none-eabi-gcc -o "CAN_Watchdog.elf" @"objects.list"   -mcpu=cortex-m4 -T"C:\Users\justn\Desktop\Classes\Senior Fall\EC463\EC463_Nascimento_Justin\CAN_Watchdog\CAN_Watchdog\STM32G491RETX_FLASH.ld" --specs=nosys.specs -Wl,-Map="CAN_Watchdog.map" -Wl,--gc-sections -static --specs=nano.specs -mfpu=fpv4-sp-d16 -mfloat-abi=hard -mthumb -Wl,--start-group -lc -lm -Wl,--end-group
Finished building target: CAN_Watchdog.elf
 
arm-none-eabi-size  CAN_Watchdog.elf 
arm-none-eabi-objdump -h -S CAN_Watchdog.elf  > "CAN_Watchdog.list"
   text	   data	    bss	    dec	    hex	filename
  33404	    104	   2752	  36260	   8da4	CAN_Watchdog.elf
Finished building: default.size.stdout
 
Finished building: CAN_Watchdog.list
 
14:11:28 **** Incremental Build of configuration Debug for project CAN_Watchdog ****
make -j20 all 
arm-none-eabi-gcc "../Core/Src/fdcan.c" -mcpu=cortex-m4 -std=gnu11 -g3 -DDEBUG -DUSE_NUCLEO_64 -DUSE_HAL_DRIVER -DSTM32G491xx -c -I../Core/Inc -IC:/Users/justn/STM32Cube/Repository/STM32Cube_FW_G4_V1.6.1/Drivers/STM32G4xx_HAL_Driver/Inc -IC:/Users/justn/STM32Cube/Repository/STM32Cube_FW_G4_V1.6.1/Drivers/STM32G4xx_HAL_Driver/Inc/Legacy -IC:/Users/justn/STM32Cube/Repository/STM32Cube_FW_G4_V1.6.1/Drivers/BSP/STM32G4xx_Nucleo -IC:/Users/justn/STM32Cube/Repository/STM32Cube_FW_G4_V1.6.1/Drivers/CMSIS/Device/ST/STM32G4xx/Include -IC:/Users/justn/STM32Cube/Repository/STM32Cube_FW_G4_V1.6.1/Drivers/CMSIS/Include -I../USB_Device/App -I../USB_Device/Target -IC:/Users/justn/STM32Cube/Repository/STM32Cube_FW_G4_V1.6.1/Middlewares/ST/STM32_USB_Device_Library/Core/Inc -IC:/Users/justn/STM32Cube/Repository/STM32Cube_FW_G4_V1.6.1/Middlewares/ST/STM32_USB_Device_Library/Class/CDC/Inc -O0 -ffunction-sections -fdata-sections -Wall -fstack-usage -fcyclomatic-complexity -MMD -MP -MF"Core/Src/fdcan.d" -MT"Core/Src/fdcan.o" --specs=nano.specs -mfpu=fpv4-sp-d16 -mfloat-abi=hard -mthumb -o "Core/Src/fdcan.o"
arm-none-eabi-gcc -o "CAN_Watchdog.elf" @"objects.list"   -mcpu=cortex-m4 -T"C:\Users\justn\Desktop\Classes\Senior Fall\EC463\EC463_Nascimento_Justin\CAN_Watchdog\CAN_Watchdog\STM32G491RETX_FLASH.ld" --specs=nosys.specs -Wl,-Map="CAN_Watchdog.map" -Wl,--gc-sections -static --specs=nano.specs -mfpu=fpv4-sp-d16 -mfloat-abi=hard -mthumb -Wl,--start-group -lc -lm -Wl,--end-group
Finished building target: CAN_Watchdog.elf
 
arm-none-eabi-size  CAN_Watchdog.elf 
arm-none-eabi-objdump -h -S CAN_Watchdog.elf  > "CAN_Watchdog.list"
   text	   data	    bss	    dec	    hex	filename
  33404	    104	   2752	  36260	   8da4	CAN_Watchdog.elf
Finished building: default.size.stdout
 
Finished building: CAN_Watchdog.list
 
14:12:56 **** Incremental Build of configuration Debug for project CAN_Watchdog ****
make -j20 all 
arm-none-eabi-size  CAN_Watchdog.elf 
   text	   data	    bss	    dec	    hex	filename
  33404	    104	   2752	  36260	   8da4	CAN_Watchdog.elf
Finished building: default.size.stdout
 
14:17:15 **** Incremental Build of configuration Debug for project CAN_Watchdog ****
make -j20 all 
arm-none-eabi-size  CAN_Watchdog.elf 
   text	   data	    bss	    dec	    hex	filename
  33404	    104	   2752	  36260	   8da4	CAN_Watchdog.elf
Finished building: default.size.stdout
 
14:20:54 **** Incremental Build of configuration Debug for project CAN_Watchdog ****
make -j20 all 
arm-none-eabi-size  CAN_Watchdog.elf 
   text	   data	    bss	    dec	    hex	filename
  33404	    104	   2752	  36260	   8da4	CAN_Watchdog.elf
Finished building: default.size.stdout
 
14:22:08 **** Incremental Build of configuration Debug for project CAN_Watchdog ****
make -j20 all 
arm-none-eabi-size  CAN_Watchdog.elf 
   text	   data	    bss	    dec	    hex	filename
  33404	    104	   2752	  36260	   8da4	CAN_Watchdog.elf
Finished building: default.size.stdout
 
14:23:57 **** Incremental Build of configuration Debug for project CAN_Watchdog ****
make -j20 all 
arm-none-eabi-size  CAN_Watchdog.elf 
   text	   data	    bss	    dec	    hex	filename
  33404	    104	   2752	  36260	   8da4	CAN_Watchdog.elf
Finished building: default.size.stdout
 
14:30:09 **** Incremental Build of configuration Debug for project CAN_Watchdog ****
make -j20 all 
arm-none-eabi-gcc "../Core/Src/main.c" -mcpu=cortex-m4 -std=gnu11 -g3 -DDEBUG -DUSE_NUCLEO_64 -DUSE_HAL_DRIVER -DSTM32G491xx -c -I../Core/Inc -IC:/Users/justn/STM32Cube/Repository/STM32Cube_FW_G4_V1.6.1/Drivers/STM32G4xx_HAL_Driver/Inc -IC:/Users/justn/STM32Cube/Repository/STM32Cube_FW_G4_V1.6.1/Drivers/STM32G4xx_HAL_Driver/Inc/Legacy -IC:/Users/justn/STM32Cube/Repository/STM32Cube_FW_G4_V1.6.1/Drivers/BSP/STM32G4xx_Nucleo -IC:/Users/justn/STM32Cube/Repository/STM32Cube_FW_G4_V1.6.1/Drivers/CMSIS/Device/ST/STM32G4xx/Include -IC:/Users/justn/STM32Cube/Repository/STM32Cube_FW_G4_V1.6.1/Drivers/CMSIS/Include -I../USB_Device/App -I../USB_Device/Target -IC:/Users/justn/STM32Cube/Repository/STM32Cube_FW_G4_V1.6.1/Middlewares/ST/STM32_USB_Device_Library/Core/Inc -IC:/Users/justn/STM32Cube/Repository/STM32Cube_FW_G4_V1.6.1/Middlewares/ST/STM32_USB_Device_Library/Class/CDC/Inc -O0 -ffunction-sections -fdata-sections -Wall -fstack-usage -fcyclomatic-complexity -MMD -MP -MF"Core/Src/main.d" -MT"Core/Src/main.o" --specs=nano.specs -mfpu=fpv4-sp-d16 -mfloat-abi=hard -mthumb -o "Core/Src/main.o"
arm-none-eabi-gcc -o "CAN_Watchdog.elf" @"objects.list"   -mcpu=cortex-m4 -T"C:\Users\justn\Desktop\Classes\Senior Fall\EC463\EC463_Nascimento_Justin\CAN_Watchdog\CAN_Watchdog\STM32G491RETX_FLASH.ld" --specs=nosys.specs -Wl,-Map="CAN_Watchdog.map" -Wl,--gc-sections -static --specs=nano.specs -mfpu=fpv4-sp-d16 -mfloat-abi=hard -mthumb -Wl,--start-group -lc -lm -Wl,--end-group
Finished building target: CAN_Watchdog.elf
 
arm-none-eabi-size  CAN_Watchdog.elf 
arm-none-eabi-objdump -h -S CAN_Watchdog.elf  > "CAN_Watchdog.list"
   text	   data	    bss	    dec	    hex	filename
  33408	    104	   2752	  36264	   8da8	CAN_Watchdog.elf
Finished building: default.size.stdout
 
Finished building: CAN_Watchdog.list
 
15:01:41 **** Incremental Build of configuration Debug for project CAN_Watchdog ****
make -j20 all 
arm-none-eabi-gcc "../Core/Src/main.c" -mcpu=cortex-m4 -std=gnu11 -g3 -DDEBUG -DUSE_NUCLEO_64 -DUSE_HAL_DRIVER -DSTM32G491xx -c -I../Core/Inc -IC:/Users/justn/STM32Cube/Repository/STM32Cube_FW_G4_V1.6.1/Drivers/STM32G4xx_HAL_Driver/Inc -IC:/Users/justn/STM32Cube/Repository/STM32Cube_FW_G4_V1.6.1/Drivers/STM32G4xx_HAL_Driver/Inc/Legacy -IC:/Users/justn/STM32Cube/Repository/STM32Cube_FW_G4_V1.6.1/Drivers/BSP/STM32G4xx_Nucleo -IC:/Users/justn/STM32Cube/Repository/STM32Cube_FW_G4_V1.6.1/Drivers/CMSIS/Device/ST/STM32G4xx/Include -IC:/Users/justn/STM32Cube/Repository/STM32Cube_FW_G4_V1.6.1/Drivers/CMSIS/Include -I../USB_Device/App -I../USB_Device/Target -IC:/Users/justn/STM32Cube/Repository/STM32Cube_FW_G4_V1.6.1/Middlewares/ST/STM32_USB_Device_Library/Core/Inc -IC:/Users/justn/STM32Cube/Repository/STM32Cube_FW_G4_V1.6.1/Middlewares/ST/STM32_USB_Device_Library/Class/CDC/Inc -O0 -ffunction-sections -fdata-sections -Wall -fstack-usage -fcyclomatic-complexity -MMD -MP -MF"Core/Src/main.d" -MT"Core/Src/main.o" --specs=nano.specs -mfpu=fpv4-sp-d16 -mfloat-abi=hard -mthumb -o "Core/Src/main.o"
../Core/Src/main.c: In function 'HAL_FDCAN_RxFifo0Callback':
../Core/Src/main.c:260:26: warning: unused variable 'canTransmitterError' [-Wunused-variable]
  260 |                  uint8_t canTransmitterError = 0;
      |                          ^~~~~~~~~~~~~~~~~~~
../Core/Src/main.c:259:27: warning: unused variable 'lastCanTransmitterMessage' [-Wunused-variable]
  259 |                  uint32_t lastCanTransmitterMessage = HAL_GetTick();;
      |                           ^~~~~~~~~~~~~~~~~~~~~~~~~
../Core/Src/main.c:266:33: warning: unused variable 'heartBeatError' [-Wunused-variable]
  266 |                         uint8_t heartBeatError = 0;
      |                                 ^~~~~~~~~~~~~~
../Core/Src/main.c:265:34: warning: unused variable 'lastHeartBeatMessage' [-Wunused-variable]
  265 |                         uint32_t lastHeartBeatMessage = HAL_GetTick();;
      |                                  ^~~~~~~~~~~~~~~~~~~~
arm-none-eabi-gcc -o "CAN_Watchdog.elf" @"objects.list"   -mcpu=cortex-m4 -T"C:\Users\justn\Desktop\Classes\Senior Fall\EC463\EC463_Nascimento_Justin\CAN_Watchdog\CAN_Watchdog\STM32G491RETX_FLASH.ld" --specs=nosys.specs -Wl,-Map="CAN_Watchdog.map" -Wl,--gc-sections -static --specs=nano.specs -mfpu=fpv4-sp-d16 -mfloat-abi=hard -mthumb -Wl,--start-group -lc -lm -Wl,--end-group
Finished building target: CAN_Watchdog.elf
 
arm-none-eabi-size  CAN_Watchdog.elf 
arm-none-eabi-objdump -h -S CAN_Watchdog.elf  > "CAN_Watchdog.list"
   text	   data	    bss	    dec	    hex	filename
  33428	    104	   2760	  36292	   8dc4	CAN_Watchdog.elf
Finished building: default.size.stdout
 
Finished building: CAN_Watchdog.list
 
15:04:31 **** Incremental Build of configuration Debug for project CAN_Watchdog ****
make -j20 all 
arm-none-eabi-gcc "../Core/Src/main.c" -mcpu=cortex-m4 -std=gnu11 -g3 -DDEBUG -DUSE_NUCLEO_64 -DUSE_HAL_DRIVER -DSTM32G491xx -c -I../Core/Inc -IC:/Users/justn/STM32Cube/Repository/STM32Cube_FW_G4_V1.6.1/Drivers/STM32G4xx_HAL_Driver/Inc -IC:/Users/justn/STM32Cube/Repository/STM32Cube_FW_G4_V1.6.1/Drivers/STM32G4xx_HAL_Driver/Inc/Legacy -IC:/Users/justn/STM32Cube/Repository/STM32Cube_FW_G4_V1.6.1/Drivers/BSP/STM32G4xx_Nucleo -IC:/Users/justn/STM32Cube/Repository/STM32Cube_FW_G4_V1.6.1/Drivers/CMSIS/Device/ST/STM32G4xx/Include -IC:/Users/justn/STM32Cube/Repository/STM32Cube_FW_G4_V1.6.1/Drivers/CMSIS/Include -I../USB_Device/App -I../USB_Device/Target -IC:/Users/justn/STM32Cube/Repository/STM32Cube_FW_G4_V1.6.1/Middlewares/ST/STM32_USB_Device_Library/Core/Inc -IC:/Users/justn/STM32Cube/Repository/STM32Cube_FW_G4_V1.6.1/Middlewares/ST/STM32_USB_Device_Library/Class/CDC/Inc -O0 -ffunction-sections -fdata-sections -Wall -fstack-usage -fcyclomatic-complexity -MMD -MP -MF"Core/Src/main.d" -MT"Core/Src/main.o" --specs=nano.specs -mfpu=fpv4-sp-d16 -mfloat-abi=hard -mthumb -o "Core/Src/main.o"
arm-none-eabi-gcc -o "CAN_Watchdog.elf" @"objects.list"   -mcpu=cortex-m4 -T"C:\Users\justn\Desktop\Classes\Senior Fall\EC463\EC463_Nascimento_Justin\CAN_Watchdog\CAN_Watchdog\STM32G491RETX_FLASH.ld" --specs=nosys.specs -Wl,-Map="CAN_Watchdog.map" -Wl,--gc-sections -static --specs=nano.specs -mfpu=fpv4-sp-d16 -mfloat-abi=hard -mthumb -Wl,--start-group -lc -lm -Wl,--end-group
Finished building target: CAN_Watchdog.elf
 
arm-none-eabi-size  CAN_Watchdog.elf 
arm-none-eabi-objdump -h -S CAN_Watchdog.elf  > "CAN_Watchdog.list"
   text	   data	    bss	    dec	    hex	filename
  33452	    104	   2760	  36316	   8ddc	CAN_Watchdog.elf
Finished building: default.size.stdout
 
Finished building: CAN_Watchdog.list
 
15:08:44 **** Incremental Build of configuration Debug for project CAN_Watchdog ****
make -j20 all 
arm-none-eabi-size  CAN_Watchdog.elf 
   text	   data	    bss	    dec	    hex	filename
  33452	    104	   2760	  36316	   8ddc	CAN_Watchdog.elf
Finished building: default.size.stdout
 
15:13:10 **** Incremental Build of configuration Debug for project CAN_Watchdog ****
make -j20 all 
arm-none-eabi-size  CAN_Watchdog.elf 
   text	   data	    bss	    dec	    hex	filename
  33452	    104	   2760	  36316	   8ddc	CAN_Watchdog.elf
Finished building: default.size.stdout
 
15:14:49 **** Incremental Build of configuration Debug for project CAN_Watchdog ****
make -j20 all 
arm-none-eabi-gcc "../Core/Src/main.c" -mcpu=cortex-m4 -std=gnu11 -g3 -DDEBUG -DUSE_NUCLEO_64 -DUSE_HAL_DRIVER -DSTM32G491xx -c -I../Core/Inc -IC:/Users/justn/STM32Cube/Repository/STM32Cube_FW_G4_V1.6.1/Drivers/STM32G4xx_HAL_Driver/Inc -IC:/Users/justn/STM32Cube/Repository/STM32Cube_FW_G4_V1.6.1/Drivers/STM32G4xx_HAL_Driver/Inc/Legacy -IC:/Users/justn/STM32Cube/Repository/STM32Cube_FW_G4_V1.6.1/Drivers/BSP/STM32G4xx_Nucleo -IC:/Users/justn/STM32Cube/Repository/STM32Cube_FW_G4_V1.6.1/Drivers/CMSIS/Device/ST/STM32G4xx/Include -IC:/Users/justn/STM32Cube/Repository/STM32Cube_FW_G4_V1.6.1/Drivers/CMSIS/Include -I../USB_Device/App -I../USB_Device/Target -IC:/Users/justn/STM32Cube/Repository/STM32Cube_FW_G4_V1.6.1/Middlewares/ST/STM32_USB_Device_Library/Core/Inc -IC:/Users/justn/STM32Cube/Repository/STM32Cube_FW_G4_V1.6.1/Middlewares/ST/STM32_USB_Device_Library/Class/CDC/Inc -O0 -ffunction-sections -fdata-sections -Wall -fstack-usage -fcyclomatic-complexity -MMD -MP -MF"Core/Src/main.d" -MT"Core/Src/main.o" --specs=nano.specs -mfpu=fpv4-sp-d16 -mfloat-abi=hard -mthumb -o "Core/Src/main.o"
arm-none-eabi-gcc -o "CAN_Watchdog.elf" @"objects.list"   -mcpu=cortex-m4 -T"C:\Users\justn\Desktop\Classes\Senior Fall\EC463\EC463_Nascimento_Justin\CAN_Watchdog\CAN_Watchdog\STM32G491RETX_FLASH.ld" --specs=nosys.specs -Wl,-Map="CAN_Watchdog.map" -Wl,--gc-sections -static --specs=nano.specs -mfpu=fpv4-sp-d16 -mfloat-abi=hard -mthumb -Wl,--start-group -lc -lm -Wl,--end-group
Finished building target: CAN_Watchdog.elf
 
arm-none-eabi-size  CAN_Watchdog.elf 
arm-none-eabi-objdump -h -S CAN_Watchdog.elf  > "CAN_Watchdog.list"
   text	   data	    bss	    dec	    hex	filename
  33316	    104	   2760	  36180	   8d54	CAN_Watchdog.elf
Finished building: default.size.stdout
 
Finished building: CAN_Watchdog.list
 
15:17:33 **** Incremental Build of configuration Debug for project CAN_Watchdog ****
make -j20 all 
arm-none-eabi-gcc "../Core/Src/main.c" -mcpu=cortex-m4 -std=gnu11 -g3 -DDEBUG -DUSE_NUCLEO_64 -DUSE_HAL_DRIVER -DSTM32G491xx -c -I../Core/Inc -IC:/Users/justn/STM32Cube/Repository/STM32Cube_FW_G4_V1.6.1/Drivers/STM32G4xx_HAL_Driver/Inc -IC:/Users/justn/STM32Cube/Repository/STM32Cube_FW_G4_V1.6.1/Drivers/STM32G4xx_HAL_Driver/Inc/Legacy -IC:/Users/justn/STM32Cube/Repository/STM32Cube_FW_G4_V1.6.1/Drivers/BSP/STM32G4xx_Nucleo -IC:/Users/justn/STM32Cube/Repository/STM32Cube_FW_G4_V1.6.1/Drivers/CMSIS/Device/ST/STM32G4xx/Include -IC:/Users/justn/STM32Cube/Repository/STM32Cube_FW_G4_V1.6.1/Drivers/CMSIS/Include -I../USB_Device/App -I../USB_Device/Target -IC:/Users/justn/STM32Cube/Repository/STM32Cube_FW_G4_V1.6.1/Middlewares/ST/STM32_USB_Device_Library/Core/Inc -IC:/Users/justn/STM32Cube/Repository/STM32Cube_FW_G4_V1.6.1/Middlewares/ST/STM32_USB_Device_Library/Class/CDC/Inc -O0 -ffunction-sections -fdata-sections -Wall -fstack-usage -fcyclomatic-complexity -MMD -MP -MF"Core/Src/main.d" -MT"Core/Src/main.o" --specs=nano.specs -mfpu=fpv4-sp-d16 -mfloat-abi=hard -mthumb -o "Core/Src/main.o"
../Core/Src/main.c: In function 'main':
../Core/Src/main.c:150:10: warning: implicit declaration of function 'HAL_delay'; did you mean 'HAL_Delay'? [-Wimplicit-function-declaration]
  150 |          HAL_delay(250);
      |          ^~~~~~~~~
      |          HAL_Delay
arm-none-eabi-gcc -o "CAN_Watchdog.elf" @"objects.list"   -mcpu=cortex-m4 -T"C:\Users\justn\Desktop\Classes\Senior Fall\EC463\EC463_Nascimento_Justin\CAN_Watchdog\CAN_Watchdog\STM32G491RETX_FLASH.ld" --specs=nosys.specs -Wl,-Map="CAN_Watchdog.map" -Wl,--gc-sections -static --specs=nano.specs -mfpu=fpv4-sp-d16 -mfloat-abi=hard -mthumb -Wl,--start-group -lc -lm -Wl,--end-group
C:/ST/STM32CubeIDE_1.19.0/STM32CubeIDE/plugins/com.st.stm32cube.ide.mcu.externaltools.gnu-tools-for-stm32.13.3.rel1.win32_1.0.0.202411081344/tools/bin/../lib/gcc/arm-none-eabi/13.3.1/../../../../arm-none-eabi/bin/ld.exe: ./Core/Src/main.o: in function `main':
C:/Users/justn/Desktop/Classes/Senior Fall/EC463/EC463_Nascimento_Justin/CAN_Watchdog/CAN_Watchdog/Debug/../Core/Src/main.c:150:(.text.main+0x11a): undefined reference to `HAL_delay'
collect2.exe: error: ld returned 1 exit status
make: *** [makefile:68: CAN_Watchdog.elf] Error 1
"make -j20 all" terminated with exit code 2. Build might be incomplete.
15:17:50 **** Incremental Build of configuration Debug for project CAN_Watchdog ****
make -j20 all 
arm-none-eabi-gcc "../Core/Src/main.c" -mcpu=cortex-m4 -std=gnu11 -g3 -DDEBUG -DUSE_NUCLEO_64 -DUSE_HAL_DRIVER -DSTM32G491xx -c -I../Core/Inc -IC:/Users/justn/STM32Cube/Repository/STM32Cube_FW_G4_V1.6.1/Drivers/STM32G4xx_HAL_Driver/Inc -IC:/Users/justn/STM32Cube/Repository/STM32Cube_FW_G4_V1.6.1/Drivers/STM32G4xx_HAL_Driver/Inc/Legacy -IC:/Users/justn/STM32Cube/Repository/STM32Cube_FW_G4_V1.6.1/Drivers/BSP/STM32G4xx_Nucleo -IC:/Users/justn/STM32Cube/Repository/STM32Cube_FW_G4_V1.6.1/Drivers/CMSIS/Device/ST/STM32G4xx/Include -IC:/Users/justn/STM32Cube/Repository/STM32Cube_FW_G4_V1.6.1/Drivers/CMSIS/Include -I../USB_Device/App -I../USB_Device/Target -IC:/Users/justn/STM32Cube/Repository/STM32Cube_FW_G4_V1.6.1/Middlewares/ST/STM32_USB_Device_Library/Core/Inc -IC:/Users/justn/STM32Cube/Repository/STM32Cube_FW_G4_V1.6.1/Middlewares/ST/STM32_USB_Device_Library/Class/CDC/Inc -O0 -ffunction-sections -fdata-sections -Wall -fstack-usage -fcyclomatic-complexity -MMD -MP -MF"Core/Src/main.d" -MT"Core/Src/main.o" --specs=nano.specs -mfpu=fpv4-sp-d16 -mfloat-abi=hard -mthumb -o "Core/Src/main.o"
arm-none-eabi-gcc -o "CAN_Watchdog.elf" @"objects.list"   -mcpu=cortex-m4 -T"C:\Users\justn\Desktop\Classes\Senior Fall\EC463\EC463_Nascimento_Justin\CAN_Watchdog\CAN_Watchdog\STM32G491RETX_FLASH.ld" --specs=nosys.specs -Wl,-Map="CAN_Watchdog.map" -Wl,--gc-sections -static --specs=nano.specs -mfpu=fpv4-sp-d16 -mfloat-abi=hard -mthumb -Wl,--start-group -lc -lm -Wl,--end-group
Finished building target: CAN_Watchdog.elf
 
arm-none-eabi-size  CAN_Watchdog.elf 
arm-none-eabi-objdump -h -S CAN_Watchdog.elf  > "CAN_Watchdog.list"
   text	   data	    bss	    dec	    hex	filename
  33208	    104	   2752	  36064	   8ce0	CAN_Watchdog.elf
Finished building: default.size.stdout
 
Finished building: CAN_Watchdog.list
 
15:21:09 **** Incremental Build of configuration Debug for project CAN_Watchdog ****
make -j20 all 
arm-none-eabi-gcc "../Core/Src/main.c" -mcpu=cortex-m4 -std=gnu11 -g3 -DDEBUG -DUSE_NUCLEO_64 -DUSE_HAL_DRIVER -DSTM32G491xx -c -I../Core/Inc -IC:/Users/justn/STM32Cube/Repository/STM32Cube_FW_G4_V1.6.1/Drivers/STM32G4xx_HAL_Driver/Inc -IC:/Users/justn/STM32Cube/Repository/STM32Cube_FW_G4_V1.6.1/Drivers/STM32G4xx_HAL_Driver/Inc/Legacy -IC:/Users/justn/STM32Cube/Repository/STM32Cube_FW_G4_V1.6.1/Drivers/BSP/STM32G4xx_Nucleo -IC:/Users/justn/STM32Cube/Repository/STM32Cube_FW_G4_V1.6.1/Drivers/CMSIS/Device/ST/STM32G4xx/Include -IC:/Users/justn/STM32Cube/Repository/STM32Cube_FW_G4_V1.6.1/Drivers/CMSIS/Include -I../USB_Device/App -I../USB_Device/Target -IC:/Users/justn/STM32Cube/Repository/STM32Cube_FW_G4_V1.6.1/Middlewares/ST/STM32_USB_Device_Library/Core/Inc -IC:/Users/justn/STM32Cube/Repository/STM32Cube_FW_G4_V1.6.1/Middlewares/ST/STM32_USB_Device_Library/Class/CDC/Inc -O0 -ffunction-sections -fdata-sections -Wall -fstack-usage -fcyclomatic-complexity -MMD -MP -MF"Core/Src/main.d" -MT"Core/Src/main.o" --specs=nano.specs -mfpu=fpv4-sp-d16 -mfloat-abi=hard -mthumb -o "Core/Src/main.o"
arm-none-eabi-gcc -o "CAN_Watchdog.elf" @"objects.list"   -mcpu=cortex-m4 -T"C:\Users\justn\Desktop\Classes\Senior Fall\EC463\EC463_Nascimento_Justin\CAN_Watchdog\CAN_Watchdog\STM32G491RETX_FLASH.ld" --specs=nosys.specs -Wl,-Map="CAN_Watchdog.map" -Wl,--gc-sections -static --specs=nano.specs -mfpu=fpv4-sp-d16 -mfloat-abi=hard -mthumb -Wl,--start-group -lc -lm -Wl,--end-group
Finished building target: CAN_Watchdog.elf
 
arm-none-eabi-size  CAN_Watchdog.elf 
arm-none-eabi-objdump -h -S CAN_Watchdog.elf  > "CAN_Watchdog.list"
   text	   data	    bss	    dec	    hex	filename
  33208	    104	   2752	  36064	   8ce0	CAN_Watchdog.elf
Finished building: default.size.stdout
 
Finished building: CAN_Watchdog.list
 
15:23:20 **** Incremental Build of configuration Debug for project CAN_Watchdog ****
make -j20 all 
arm-none-eabi-size  CAN_Watchdog.elf 
   text	   data	    bss	    dec	    hex	filename
  33208	    104	   2752	  36064	   8ce0	CAN_Watchdog.elf
Finished building: default.size.stdout
 
15:24:06 **** Incremental Build of configuration Debug for project CAN_Watchdog ****
make -j20 all 
arm-none-eabi-gcc "../Core/Src/main.c" -mcpu=cortex-m4 -std=gnu11 -g3 -DDEBUG -DUSE_NUCLEO_64 -DUSE_HAL_DRIVER -DSTM32G491xx -c -I../Core/Inc -IC:/Users/justn/STM32Cube/Repository/STM32Cube_FW_G4_V1.6.1/Drivers/STM32G4xx_HAL_Driver/Inc -IC:/Users/justn/STM32Cube/Repository/STM32Cube_FW_G4_V1.6.1/Drivers/STM32G4xx_HAL_Driver/Inc/Legacy -IC:/Users/justn/STM32Cube/Repository/STM32Cube_FW_G4_V1.6.1/Drivers/BSP/STM32G4xx_Nucleo -IC:/Users/justn/STM32Cube/Repository/STM32Cube_FW_G4_V1.6.1/Drivers/CMSIS/Device/ST/STM32G4xx/Include -IC:/Users/justn/STM32Cube/Repository/STM32Cube_FW_G4_V1.6.1/Drivers/CMSIS/Include -I../USB_Device/App -I../USB_Device/Target -IC:/Users/justn/STM32Cube/Repository/STM32Cube_FW_G4_V1.6.1/Middlewares/ST/STM32_USB_Device_Library/Core/Inc -IC:/Users/justn/STM32Cube/Repository/STM32Cube_FW_G4_V1.6.1/Middlewares/ST/STM32_USB_Device_Library/Class/CDC/Inc -O0 -ffunction-sections -fdata-sections -Wall -fstack-usage -fcyclomatic-complexity -MMD -MP -MF"Core/Src/main.d" -MT"Core/Src/main.o" --specs=nano.specs -mfpu=fpv4-sp-d16 -mfloat-abi=hard -mthumb -o "Core/Src/main.o"
arm-none-eabi-gcc -o "CAN_Watchdog.elf" @"objects.list"   -mcpu=cortex-m4 -T"C:\Users\justn\Desktop\Classes\Senior Fall\EC463\EC463_Nascimento_Justin\CAN_Watchdog\CAN_Watchdog\STM32G491RETX_FLASH.ld" --specs=nosys.specs -Wl,-Map="CAN_Watchdog.map" -Wl,--gc-sections -static --specs=nano.specs -mfpu=fpv4-sp-d16 -mfloat-abi=hard -mthumb -Wl,--start-group -lc -lm -Wl,--end-group
Finished building target: CAN_Watchdog.elf
 
arm-none-eabi-size  CAN_Watchdog.elf 
arm-none-eabi-objdump -h -S CAN_Watchdog.elf  > "CAN_Watchdog.list"
   text	   data	    bss	    dec	    hex	filename
  33392	    104	   2760	  36256	   8da0	CAN_Watchdog.elf
Finished building: default.size.stdout
 
Finished building: CAN_Watchdog.list
 
15:28:29 **** Incremental Build of configuration Debug for project CAN_Watchdog ****
make -j20 all 
arm-none-eabi-gcc "../Core/Src/main.c" -mcpu=cortex-m4 -std=gnu11 -g3 -DDEBUG -DUSE_NUCLEO_64 -DUSE_HAL_DRIVER -DSTM32G491xx -c -I../Core/Inc -IC:/Users/justn/STM32Cube/Repository/STM32Cube_FW_G4_V1.6.1/Drivers/STM32G4xx_HAL_Driver/Inc -IC:/Users/justn/STM32Cube/Repository/STM32Cube_FW_G4_V1.6.1/Drivers/STM32G4xx_HAL_Driver/Inc/Legacy -IC:/Users/justn/STM32Cube/Repository/STM32Cube_FW_G4_V1.6.1/Drivers/BSP/STM32G4xx_Nucleo -IC:/Users/justn/STM32Cube/Repository/STM32Cube_FW_G4_V1.6.1/Drivers/CMSIS/Device/ST/STM32G4xx/Include -IC:/Users/justn/STM32Cube/Repository/STM32Cube_FW_G4_V1.6.1/Drivers/CMSIS/Include -I../USB_Device/App -I../USB_Device/Target -IC:/Users/justn/STM32Cube/Repository/STM32Cube_FW_G4_V1.6.1/Middlewares/ST/STM32_USB_Device_Library/Core/Inc -IC:/Users/justn/STM32Cube/Repository/STM32Cube_FW_G4_V1.6.1/Middlewares/ST/STM32_USB_Device_Library/Class/CDC/Inc -O0 -ffunction-sections -fdata-sections -Wall -fstack-usage -fcyclomatic-complexity -MMD -MP -MF"Core/Src/main.d" -MT"Core/Src/main.o" --specs=nano.specs -mfpu=fpv4-sp-d16 -mfloat-abi=hard -mthumb -o "Core/Src/main.o"
arm-none-eabi-gcc -o "CAN_Watchdog.elf" @"objects.list"   -mcpu=cortex-m4 -T"C:\Users\justn\Desktop\Classes\Senior Fall\EC463\EC463_Nascimento_Justin\CAN_Watchdog\CAN_Watchdog\STM32G491RETX_FLASH.ld" --specs=nosys.specs -Wl,-Map="CAN_Watchdog.map" -Wl,--gc-sections -static --specs=nano.specs -mfpu=fpv4-sp-d16 -mfloat-abi=hard -mthumb -Wl,--start-group -lc -lm -Wl,--end-group
Finished building target: CAN_Watchdog.elf
 
arm-none-eabi-size  CAN_Watchdog.elf 
arm-none-eabi-objdump -h -S CAN_Watchdog.elf  > "CAN_Watchdog.list"
   text	   data	    bss	    dec	    hex	filename
  33460	    104	   2760	  36324	   8de4	CAN_Watchdog.elf
Finished building: default.size.stdout
 
Finished building: CAN_Watchdog.list
 
15:42:45 **** Incremental Build of configuration Debug for project CAN_Watchdog ****
make -j20 all 
arm-none-eabi-gcc "../Core/Src/main.c" -mcpu=cortex-m4 -std=gnu11 -g3 -DDEBUG -DUSE_NUCLEO_64 -DUSE_HAL_DRIVER -DSTM32G491xx -c -I../Core/Inc -IC:/Users/justn/STM32Cube/Repository/STM32Cube_FW_G4_V1.6.1/Drivers/STM32G4xx_HAL_Driver/Inc -IC:/Users/justn/STM32Cube/Repository/STM32Cube_FW_G4_V1.6.1/Drivers/STM32G4xx_HAL_Driver/Inc/Legacy -IC:/Users/justn/STM32Cube/Repository/STM32Cube_FW_G4_V1.6.1/Drivers/BSP/STM32G4xx_Nucleo -IC:/Users/justn/STM32Cube/Repository/STM32Cube_FW_G4_V1.6.1/Drivers/CMSIS/Device/ST/STM32G4xx/Include -IC:/Users/justn/STM32Cube/Repository/STM32Cube_FW_G4_V1.6.1/Drivers/CMSIS/Include -I../USB_Device/App -I../USB_Device/Target -IC:/Users/justn/STM32Cube/Repository/STM32Cube_FW_G4_V1.6.1/Middlewares/ST/STM32_USB_Device_Library/Core/Inc -IC:/Users/justn/STM32Cube/Repository/STM32Cube_FW_G4_V1.6.1/Middlewares/ST/STM32_USB_Device_Library/Class/CDC/Inc -O0 -ffunction-sections -fdata-sections -Wall -fstack-usage -fcyclomatic-complexity -MMD -MP -MF"Core/Src/main.d" -MT"Core/Src/main.o" --specs=nano.specs -mfpu=fpv4-sp-d16 -mfloat-abi=hard -mthumb -o "Core/Src/main.o"
arm-none-eabi-gcc -o "CAN_Watchdog.elf" @"objects.list"   -mcpu=cortex-m4 -T"C:\Users\justn\Desktop\Classes\Senior Fall\EC463\EC463_Nascimento_Justin\CAN_Watchdog\CAN_Watchdog\STM32G491RETX_FLASH.ld" --specs=nosys.specs -Wl,-Map="CAN_Watchdog.map" -Wl,--gc-sections -static --specs=nano.specs -mfpu=fpv4-sp-d16 -mfloat-abi=hard -mthumb -Wl,--start-group -lc -lm -Wl,--end-group
Finished building target: CAN_Watchdog.elf
 
arm-none-eabi-size  CAN_Watchdog.elf 
arm-none-eabi-objdump -h -S CAN_Watchdog.elf  > "CAN_Watchdog.list"
   text	   data	    bss	    dec	    hex	filename
  33488	    104	   2760	  36352	   8e00	CAN_Watchdog.elf
Finished building: default.size.stdout
 
Finished building: CAN_Watchdog.list
 
15:43:54 **** Incremental Build of configuration Debug for project CAN_Watchdog ****
make -j20 all 
arm-none-eabi-gcc "../Core/Src/main.c" -mcpu=cortex-m4 -std=gnu11 -g3 -DDEBUG -DUSE_NUCLEO_64 -DUSE_HAL_DRIVER -DSTM32G491xx -c -I../Core/Inc -IC:/Users/justn/STM32Cube/Repository/STM32Cube_FW_G4_V1.6.1/Drivers/STM32G4xx_HAL_Driver/Inc -IC:/Users/justn/STM32Cube/Repository/STM32Cube_FW_G4_V1.6.1/Drivers/STM32G4xx_HAL_Driver/Inc/Legacy -IC:/Users/justn/STM32Cube/Repository/STM32Cube_FW_G4_V1.6.1/Drivers/BSP/STM32G4xx_Nucleo -IC:/Users/justn/STM32Cube/Repository/STM32Cube_FW_G4_V1.6.1/Drivers/CMSIS/Device/ST/STM32G4xx/Include -IC:/Users/justn/STM32Cube/Repository/STM32Cube_FW_G4_V1.6.1/Drivers/CMSIS/Include -I../USB_Device/App -I../USB_Device/Target -IC:/Users/justn/STM32Cube/Repository/STM32Cube_FW_G4_V1.6.1/Middlewares/ST/STM32_USB_Device_Library/Core/Inc -IC:/Users/justn/STM32Cube/Repository/STM32Cube_FW_G4_V1.6.1/Middlewares/ST/STM32_USB_Device_Library/Class/CDC/Inc -O0 -ffunction-sections -fdata-sections -Wall -fstack-usage -fcyclomatic-complexity -MMD -MP -MF"Core/Src/main.d" -MT"Core/Src/main.o" --specs=nano.specs -mfpu=fpv4-sp-d16 -mfloat-abi=hard -mthumb -o "Core/Src/main.o"
arm-none-eabi-gcc -o "CAN_Watchdog.elf" @"objects.list"   -mcpu=cortex-m4 -T"C:\Users\justn\Desktop\Classes\Senior Fall\EC463\EC463_Nascimento_Justin\CAN_Watchdog\CAN_Watchdog\STM32G491RETX_FLASH.ld" --specs=nosys.specs -Wl,-Map="CAN_Watchdog.map" -Wl,--gc-sections -static --specs=nano.specs -mfpu=fpv4-sp-d16 -mfloat-abi=hard -mthumb -Wl,--start-group -lc -lm -Wl,--end-group
Finished building target: CAN_Watchdog.elf
 
arm-none-eabi-size  CAN_Watchdog.elf 
arm-none-eabi-objdump -h -S CAN_Watchdog.elf  > "CAN_Watchdog.list"
   text	   data	    bss	    dec	    hex	filename
  33488	    104	   2760	  36352	   8e00	CAN_Watchdog.elf
Finished building: default.size.stdout
 
Finished building: CAN_Watchdog.list
 
15:54:28 **** Incremental Build of configuration Debug for project CAN_Watchdog ****
make -j20 all 
arm-none-eabi-size  CAN_Watchdog.elf 
   text	   data	    bss	    dec	    hex	filename
  33488	    104	   2760	  36352	   8e00	CAN_Watchdog.elf
Finished building: default.size.stdout
 
16:46:50 **** Incremental Build of configuration Debug for project CAN_Watchdog ****
make -j20 all 
arm-none-eabi-size  CAN_Watchdog.elf 
   text	   data	    bss	    dec	    hex	filename
  33488	    104	   2760	  36352	   8e00	CAN_Watchdog.elf
Finished building: default.size.stdout
 
17:10:38 **** Incremental Build of configuration Debug for project CAN_Watchdog ****
make -j20 all 
arm-none-eabi-size  CAN_Watchdog.elf 
   text	   data	    bss	    dec	    hex	filename
  33488	    104	   2760	  36352	   8e00	CAN_Watchdog.elf
Finished building: default.size.stdout
 
17:13:31 **** Incremental Build of configuration Debug for project CAN_Watchdog ****
make -j20 all 
arm-none-eabi-size  CAN_Watchdog.elf 
   text	   data	    bss	    dec	    hex	filename
  33488	    104	   2760	  36352	   8e00	CAN_Watchdog.elf
Finished building: default.size.stdout
 
17:26:23 **** Incremental Build of configuration Debug for project CAN_Watchdog ****
make -j20 all 
arm-none-eabi-size  CAN_Watchdog.elf 
   text	   data	    bss	    dec	    hex	filename
  33488	    104	   2760	  36352	   8e00	CAN_Watchdog.elf
Finished building: default.size.stdout
 
14:48:45 **** Incremental Build of configuration Debug for project CAN_Watchdog ****
make -j20 all 
arm-none-eabi-gcc "../Core/Src/main.c" -mcpu=cortex-m4 -std=gnu11 -g3 -DDEBUG -DUSE_NUCLEO_64 -DUSE_HAL_DRIVER -DSTM32G491xx -c -I../Core/Inc -IC:/Users/justn/STM32Cube/Repository/STM32Cube_FW_G4_V1.6.1/Drivers/STM32G4xx_HAL_Driver/Inc -IC:/Users/justn/STM32Cube/Repository/STM32Cube_FW_G4_V1.6.1/Drivers/STM32G4xx_HAL_Driver/Inc/Legacy -IC:/Users/justn/STM32Cube/Repository/STM32Cube_FW_G4_V1.6.1/Drivers/BSP/STM32G4xx_Nucleo -IC:/Users/justn/STM32Cube/Repository/STM32Cube_FW_G4_V1.6.1/Drivers/CMSIS/Device/ST/STM32G4xx/Include -IC:/Users/justn/STM32Cube/Repository/STM32Cube_FW_G4_V1.6.1/Drivers/CMSIS/Include -I../USB_Device/App -I../USB_Device/Target -IC:/Users/justn/STM32Cube/Repository/STM32Cube_FW_G4_V1.6.1/Middlewares/ST/STM32_USB_Device_Library/Core/Inc -IC:/Users/justn/STM32Cube/Repository/STM32Cube_FW_G4_V1.6.1/Middlewares/ST/STM32_USB_Device_Library/Class/CDC/Inc -O0 -ffunction-sections -fdata-sections -Wall -fstack-usage -fcyclomatic-complexity -MMD -MP -MF"Core/Src/main.d" -MT"Core/Src/main.o" --specs=nano.specs -mfpu=fpv4-sp-d16 -mfloat-abi=hard -mthumb -o "Core/Src/main.o"
arm-none-eabi-gcc -o "CAN_Watchdog.elf" @"objects.list"   -mcpu=cortex-m4 -T"C:\Users\justn\Desktop\Classes\Senior Fall\EC463\EC463_Nascimento_Justin\CAN_Watchdog\CAN_Watchdog\STM32G491RETX_FLASH.ld" --specs=nosys.specs -Wl,-Map="CAN_Watchdog.map" -Wl,--gc-sections -static --specs=nano.specs -mfpu=fpv4-sp-d16 -mfloat-abi=hard -mthumb -Wl,--start-group -lc -lm -Wl,--end-group
Finished building target: CAN_Watchdog.elf
 
arm-none-eabi-size  CAN_Watchdog.elf 
arm-none-eabi-objdump -h -S CAN_Watchdog.elf  > "CAN_Watchdog.list"
   text	   data	    bss	    dec	    hex	filename
  33640	    104	   2760	  36504	   8e98	CAN_Watchdog.elf
Finished building: default.size.stdout
 
Finished building: CAN_Watchdog.list
 
17:33:02 **** Incremental Build of configuration Debug for project CAN_Watchdog ****
make -j20 all 
arm-none-eabi-size  CAN_Watchdog.elf 
   text	   data	    bss	    dec	    hex	filename
  33640	    104	   2760	  36504	   8e98	CAN_Watchdog.elf
Finished building: default.size.stdout
 
17:50:24 **** Incremental Build of configuration Debug for project CAN_Watchdog ****
make -j20 all 
arm-none-eabi-size  CAN_Watchdog.elf 
   text	   data	    bss	    dec	    hex	filename
  33640	    104	   2760	  36504	   8e98	CAN_Watchdog.elf
Finished building: default.size.stdout
 
17:59:51 **** Incremental Build of configuration Debug for project CAN_Watchdog ****
make -j20 all 
arm-none-eabi-gcc "../Core/Src/main.c" -mcpu=cortex-m4 -std=gnu11 -g3 -DDEBUG -DUSE_NUCLEO_64 -DUSE_HAL_DRIVER -DSTM32G491xx -c -I../Core/Inc -IC:/Users/justn/STM32Cube/Repository/STM32Cube_FW_G4_V1.6.1/Drivers/STM32G4xx_HAL_Driver/Inc -IC:/Users/justn/STM32Cube/Repository/STM32Cube_FW_G4_V1.6.1/Drivers/STM32G4xx_HAL_Driver/Inc/Legacy -IC:/Users/justn/STM32Cube/Repository/STM32Cube_FW_G4_V1.6.1/Drivers/BSP/STM32G4xx_Nucleo -IC:/Users/justn/STM32Cube/Repository/STM32Cube_FW_G4_V1.6.1/Drivers/CMSIS/Device/ST/STM32G4xx/Include -IC:/Users/justn/STM32Cube/Repository/STM32Cube_FW_G4_V1.6.1/Drivers/CMSIS/Include -I../USB_Device/App -I../USB_Device/Target -IC:/Users/justn/STM32Cube/Repository/STM32Cube_FW_G4_V1.6.1/Middlewares/ST/STM32_USB_Device_Library/Core/Inc -IC:/Users/justn/STM32Cube/Repository/STM32Cube_FW_G4_V1.6.1/Middlewares/ST/STM32_USB_Device_Library/Class/CDC/Inc -O0 -ffunction-sections -fdata-sections -Wall -fstack-usage -fcyclomatic-complexity -MMD -MP -MF"Core/Src/main.d" -MT"Core/Src/main.o" --specs=nano.specs -mfpu=fpv4-sp-d16 -mfloat-abi=hard -mthumb -o "Core/Src/main.o"
arm-none-eabi-gcc -o "CAN_Watchdog.elf" @"objects.list"   -mcpu=cortex-m4 -T"C:\Users\justn\Desktop\Classes\Senior Fall\EC463\EC463_Nascimento_Justin\CAN_Watchdog\CAN_Watchdog\STM32G491RETX_FLASH.ld" --specs=nosys.specs -Wl,-Map="CAN_Watchdog.map" -Wl,--gc-sections -static --specs=nano.specs -mfpu=fpv4-sp-d16 -mfloat-abi=hard -mthumb -Wl,--start-group -lc -lm -Wl,--end-group
Finished building target: CAN_Watchdog.elf
 
arm-none-eabi-size  CAN_Watchdog.elf 
arm-none-eabi-objdump -h -S CAN_Watchdog.elf  > "CAN_Watchdog.list"
   text	   data	    bss	    dec	    hex	filename
  33668	    104	   2760	  36532	   8eb4	CAN_Watchdog.elf
Finished building: default.size.stdout
 
Finished building: CAN_Watchdog.list
 
18:03:29 **** Incremental Build of configuration Debug for project CAN_Watchdog ****
make -j20 all 
arm-none-eabi-gcc "../Core/Src/main.c" -mcpu=cortex-m4 -std=gnu11 -g3 -DDEBUG -DUSE_NUCLEO_64 -DUSE_HAL_DRIVER -DSTM32G491xx -c -I../Core/Inc -IC:/Users/justn/STM32Cube/Repository/STM32Cube_FW_G4_V1.6.1/Drivers/STM32G4xx_HAL_Driver/Inc -IC:/Users/justn/STM32Cube/Repository/STM32Cube_FW_G4_V1.6.1/Drivers/STM32G4xx_HAL_Driver/Inc/Legacy -IC:/Users/justn/STM32Cube/Repository/STM32Cube_FW_G4_V1.6.1/Drivers/BSP/STM32G4xx_Nucleo -IC:/Users/justn/STM32Cube/Repository/STM32Cube_FW_G4_V1.6.1/Drivers/CMSIS/Device/ST/STM32G4xx/Include -IC:/Users/justn/STM32Cube/Repository/STM32Cube_FW_G4_V1.6.1/Drivers/CMSIS/Include -I../USB_Device/App -I../USB_Device/Target -IC:/Users/justn/STM32Cube/Repository/STM32Cube_FW_G4_V1.6.1/Middlewares/ST/STM32_USB_Device_Library/Core/Inc -IC:/Users/justn/STM32Cube/Repository/STM32Cube_FW_G4_V1.6.1/Middlewares/ST/STM32_USB_Device_Library/Class/CDC/Inc -O0 -ffunction-sections -fdata-sections -Wall -fstack-usage -fcyclomatic-complexity -MMD -MP -MF"Core/Src/main.d" -MT"Core/Src/main.o" --specs=nano.specs -mfpu=fpv4-sp-d16 -mfloat-abi=hard -mthumb -o "Core/Src/main.o"
arm-none-eabi-gcc -o "CAN_Watchdog.elf" @"objects.list"   -mcpu=cortex-m4 -T"C:\Users\justn\Desktop\Classes\Senior Fall\EC463\EC463_Nascimento_Justin\CAN_Watchdog\CAN_Watchdog\STM32G491RETX_FLASH.ld" --specs=nosys.specs -Wl,-Map="CAN_Watchdog.map" -Wl,--gc-sections -static --specs=nano.specs -mfpu=fpv4-sp-d16 -mfloat-abi=hard -mthumb -Wl,--start-group -lc -lm -Wl,--end-group
Finished building target: CAN_Watchdog.elf
 
arm-none-eabi-size  CAN_Watchdog.elf 
arm-none-eabi-objdump -h -S CAN_Watchdog.elf  > "CAN_Watchdog.list"
   text	   data	    bss	    dec	    hex	filename
  33776	    104	   2760	  36640	   8f20	CAN_Watchdog.elf
Finished building: default.size.stdout
 
Finished building: CAN_Watchdog.list
 
22:06:44 **** Incremental Build of configuration Debug for project CAN_Watchdog ****
make -j20 all 
arm-none-eabi-gcc "../Core/Src/main.c" -mcpu=cortex-m4 -std=gnu11 -g3 -DDEBUG -DUSE_NUCLEO_64 -DUSE_HAL_DRIVER -DSTM32G491xx -c -I../Core/Inc -IC:/Users/justn/STM32Cube/Repository/STM32Cube_FW_G4_V1.6.1/Drivers/STM32G4xx_HAL_Driver/Inc -IC:/Users/justn/STM32Cube/Repository/STM32Cube_FW_G4_V1.6.1/Drivers/STM32G4xx_HAL_Driver/Inc/Legacy -IC:/Users/justn/STM32Cube/Repository/STM32Cube_FW_G4_V1.6.1/Drivers/BSP/STM32G4xx_Nucleo -IC:/Users/justn/STM32Cube/Repository/STM32Cube_FW_G4_V1.6.1/Drivers/CMSIS/Device/ST/STM32G4xx/Include -IC:/Users/justn/STM32Cube/Repository/STM32Cube_FW_G4_V1.6.1/Drivers/CMSIS/Include -I../USB_Device/App -I../USB_Device/Target -IC:/Users/justn/STM32Cube/Repository/STM32Cube_FW_G4_V1.6.1/Middlewares/ST/STM32_USB_Device_Library/Core/Inc -IC:/Users/justn/STM32Cube/Repository/STM32Cube_FW_G4_V1.6.1/Middlewares/ST/STM32_USB_Device_Library/Class/CDC/Inc -O0 -ffunction-sections -fdata-sections -Wall -fstack-usage -fcyclomatic-complexity -MMD -MP -MF"Core/Src/main.d" -MT"Core/Src/main.o" --specs=nano.specs -mfpu=fpv4-sp-d16 -mfloat-abi=hard -mthumb -o "Core/Src/main.o"
arm-none-eabi-gcc -o "CAN_Watchdog.elf" @"objects.list"   -mcpu=cortex-m4 -T"C:\Users\justn\Desktop\Classes\Senior Fall\EC463\EC463_Nascimento_Justin\CAN_Watchdog\CAN_Watchdog\STM32G491RETX_FLASH.ld" --specs=nosys.specs -Wl,-Map="CAN_Watchdog.map" -Wl,--gc-sections -static --specs=nano.specs -mfpu=fpv4-sp-d16 -mfloat-abi=hard -mthumb -Wl,--start-group -lc -lm -Wl,--end-group
Finished building target: CAN_Watchdog.elf
 
arm-none-eabi-size  CAN_Watchdog.elf 
arm-none-eabi-objdump -h -S CAN_Watchdog.elf  > "CAN_Watchdog.list"
   text	   data	    bss	    dec	    hex	filename
  33868	    104	   2760	  36732	   8f7c	CAN_Watchdog.elf
Finished building: default.size.stdout
 
Finished building: CAN_Watchdog.list
 
14:32:32 **** Incremental Build of configuration Debug for project CAN_Watchdog ****
make -j20 all 
arm-none-eabi-gcc "../Core/Src/main.c" -mcpu=cortex-m4 -std=gnu11 -g3 -DDEBUG -DUSE_NUCLEO_64 -DUSE_HAL_DRIVER -DSTM32G491xx -c -I../Core/Inc -IC:/Users/justn/STM32Cube/Repository/STM32Cube_FW_G4_V1.6.1/Drivers/STM32G4xx_HAL_Driver/Inc -IC:/Users/justn/STM32Cube/Repository/STM32Cube_FW_G4_V1.6.1/Drivers/STM32G4xx_HAL_Driver/Inc/Legacy -IC:/Users/justn/STM32Cube/Repository/STM32Cube_FW_G4_V1.6.1/Drivers/BSP/STM32G4xx_Nucleo -IC:/Users/justn/STM32Cube/Repository/STM32Cube_FW_G4_V1.6.1/Drivers/CMSIS/Device/ST/STM32G4xx/Include -IC:/Users/justn/STM32Cube/Repository/STM32Cube_FW_G4_V1.6.1/Drivers/CMSIS/Include -I../USB_Device/App -I../USB_Device/Target -IC:/Users/justn/STM32Cube/Repository/STM32Cube_FW_G4_V1.6.1/Middlewares/ST/STM32_USB_Device_Library/Core/Inc -IC:/Users/justn/STM32Cube/Repository/STM32Cube_FW_G4_V1.6.1/Middlewares/ST/STM32_USB_Device_Library/Class/CDC/Inc -O0 -ffunction-sections -fdata-sections -Wall -fstack-usage -fcyclomatic-complexity -MMD -MP -MF"Core/Src/main.d" -MT"Core/Src/main.o" --specs=nano.specs -mfpu=fpv4-sp-d16 -mfloat-abi=hard -mthumb -o "Core/Src/main.o"
arm-none-eabi-gcc -o "CAN_Watchdog.elf" @"objects.list"   -mcpu=cortex-m4 -T"C:\Users\justn\Desktop\Classes\Senior Fall\EC463\EC463_Nascimento_Justin\CAN_Watchdog\CAN_Watchdog\STM32G491RETX_FLASH.ld" --specs=nosys.specs -Wl,-Map="CAN_Watchdog.map" -Wl,--gc-sections -static --specs=nano.specs -mfpu=fpv4-sp-d16 -mfloat-abi=hard -mthumb -Wl,--start-group -lc -lm -Wl,--end-group
Finished building target: CAN_Watchdog.elf
 
arm-none-eabi-size  CAN_Watchdog.elf 
arm-none-eabi-objdump -h -S CAN_Watchdog.elf  > "CAN_Watchdog.list"
   text	   data	    bss	    dec	    hex	filename
  33868	    104	   2760	  36732	   8f7c	CAN_Watchdog.elf
Finished building: default.size.stdout
 
Finished building: CAN_Watchdog.list
 
15:53:41 **** Incremental Build of configuration Debug for project CAN_Watchdog ****
make -j20 all 
arm-none-eabi-size  CAN_Watchdog.elf 
   text	   data	    bss	    dec	    hex	filename
  33868	    104	   2760	  36732	   8f7c	CAN_Watchdog.elf
Finished building: default.size.stdout
 
17:14:04 **** Incremental Build of configuration Debug for project CAN_Watchdog ****
make -j20 all 
arm-none-eabi-size  CAN_Watchdog.elf 
   text	   data	    bss	    dec	    hex	filename
  33868	    104	   2760	  36732	   8f7c	CAN_Watchdog.elf
Finished building: default.size.stdout
 
15:22:32 **** Incremental Build of configuration Debug for project CAN_Watchdog ****
make -j20 all 
arm-none-eabi-size  CAN_Watchdog.elf 
   text	   data	    bss	    dec	    hex	filename
  33868	    104	   2760	  36732	   8f7c	CAN_Watchdog.elf
Finished building: default.size.stdout
 
15:31:19 **** Incremental Build of configuration Debug for project CAN_Watchdog ****
make -j20 all 
arm-none-eabi-size  CAN_Watchdog.elf 
   text	   data	    bss	    dec	    hex	filename
  33868	    104	   2760	  36732	   8f7c	CAN_Watchdog.elf
Finished building: default.size.stdout
 
15:32:03 **** Incremental Build of configuration Debug for project CAN_Watchdog ****
make -j20 all 
arm-none-eabi-gcc "../Core/Src/main.c" -mcpu=cortex-m4 -std=gnu11 -g3 -DDEBUG -DUSE_NUCLEO_64 -DUSE_HAL_DRIVER -DSTM32G491xx -c -I../Core/Inc -IC:/Users/justn/STM32Cube/Repository/STM32Cube_FW_G4_V1.6.1/Drivers/STM32G4xx_HAL_Driver/Inc -IC:/Users/justn/STM32Cube/Repository/STM32Cube_FW_G4_V1.6.1/Drivers/STM32G4xx_HAL_Driver/Inc/Legacy -IC:/Users/justn/STM32Cube/Repository/STM32Cube_FW_G4_V1.6.1/Drivers/BSP/STM32G4xx_Nucleo -IC:/Users/justn/STM32Cube/Repository/STM32Cube_FW_G4_V1.6.1/Drivers/CMSIS/Device/ST/STM32G4xx/Include -IC:/Users/justn/STM32Cube/Repository/STM32Cube_FW_G4_V1.6.1/Drivers/CMSIS/Include -I../USB_Device/App -I../USB_Device/Target -IC:/Users/justn/STM32Cube/Repository/STM32Cube_FW_G4_V1.6.1/Middlewares/ST/STM32_USB_Device_Library/Core/Inc -IC:/Users/justn/STM32Cube/Repository/STM32Cube_FW_G4_V1.6.1/Middlewares/ST/STM32_USB_Device_Library/Class/CDC/Inc -O0 -ffunction-sections -fdata-sections -Wall -fstack-usage -fcyclomatic-complexity -MMD -MP -MF"Core/Src/main.d" -MT"Core/Src/main.o" --specs=nano.specs -mfpu=fpv4-sp-d16 -mfloat-abi=hard -mthumb -o "Core/Src/main.o"
arm-none-eabi-gcc -o "CAN_Watchdog.elf" @"objects.list"   -mcpu=cortex-m4 -T"C:\Users\justn\Desktop\Classes\Senior Fall\EC463\EC463_Nascimento_Justin\CAN_Watchdog\CAN_Watchdog\STM32G491RETX_FLASH.ld" --specs=nosys.specs -Wl,-Map="CAN_Watchdog.map" -Wl,--gc-sections -static --specs=nano.specs -mfpu=fpv4-sp-d16 -mfloat-abi=hard -mthumb -Wl,--start-group -lc -lm -Wl,--end-group
Finished building target: CAN_Watchdog.elf
 
arm-none-eabi-size  CAN_Watchdog.elf 
arm-none-eabi-objdump -h -S CAN_Watchdog.elf  > "CAN_Watchdog.list"
   text	   data	    bss	    dec	    hex	filename
  33868	    104	   2760	  36732	   8f7c	CAN_Watchdog.elf
Finished building: default.size.stdout
 
Finished building: CAN_Watchdog.list
 
